channel_id,title,handle,subscriber_count,total_view_count,total_video_count,subscriber_count_status,total_view_count_status,total_video_count_status,external_links_status,publication_finalized_status
UCG_pWz_Xwkr4coWE40-c_8Q,Embarcar na Comida Shorts,@embarcarnacomidashorts,20600,7048079,345,estimated,exact,exact,observed,ready_partial
UCNTh5Yg8SOvm73Y52T9Q7FA,Juca Cosméticos,@JucaCosmeticos,2960,2233705,60,estimated,exact,exact,observed,ready_partial
UCyjAqGl_Cm8pIcoo649hb_w,Talyta Rocha,@aTalytaRocha,19000,1660262,374,estimated,exact,exact,observed,ready_auto
UCUhtM9fynWT-hX89-cPX1dA,Bonsai Sul de Minas,@BonsaiSuldeMinas,80900,8506389,1313,estimated,exact,exact,observed,ready_auto
UCw1x5GDOQsQ9yVrpTrKYxHg,Praticando Matemática com Maicon Meneguci,@praticandomatematica,367000,23454882,2521,estimated,exact,exact,observed,ready_auto
UCe7j-NYdE7Pt5X9ePV2akrw,Mundo Sortido,@mundosortido,3780,485905,154,estimated,exact,exact,observed,ready_auto
UCpidjot63BGv83_toHhep0Q,Harmonizadora Elite,@harmonizadoraelite,2630,305804,556,estimated,exact,exact,observed,ready_auto
UCalHfR2pse1dDbx60ZDeRbA,Boom Buddies Português - canção infantil,@BoomBuddiesPortugues,1730000,762271720,752,estimated,exact,exact,observed,ready_auto
UCL-UhZ3L2Z50o6FmLJhQiKQ,Lendo com Bia,@LendocomBia,1030,62287,215,estimated,exact,exact,observed,ready_partial
UCDF7oFN--qPKILft1IBt1VQ,Babi Malta,@babimalta,1420,209756,519,estimated,exact,exact,observed,ready_auto
UCRVaI4IW4Vk3q3GRpTw6bOg,Eaê Brazil,@Ea%C3%AABrazil-j8o,3770,200593,98,estimated,exact,exact,observed,ready_partial
UCCeS-K35mqLhr6g9FPRjgvQ,Viviane Rainer,@vivianerainer,93900,8344991,502,estimated,exact,exact,observed,ready_partial
UCoGC9XAfybADO6TGjpfi35Q,Olenka Cosmeticos,@OlenkaCosmeticosOficial,112000,6662178,385,estimated,exact,exact,observed,ready_auto
UC5Cj_Jhd0FA40ok_q6SmdjA,MNTV ESPORTE,@MNTVESPORTE,5870,668287,3767,estimated,exact,exact,observed,ready_auto
UCEjqqQ--cT_q7YCwFUSvEsQ,Alexandra Baxinha Dicas,@Alexandrapmatias,13100,1440080,179,estimated,exact,exact,observed,ready_auto
UCFcJhNRTLzJKiolNaAJkvDw,Rogério Moreno PQD,@rogeriomorenopqd,454000,72937105,2678,estimated,exact,exact,observed,ready_auto
UC2lIoHYg-xTQzUglyYGFWqw,Praticar Ensino,@PraticarEnsino,4960,261569,259,estimated,exact,exact,observed,ready_auto
UCP2nzu3PlDX2S-ZtSGl0jMg,"Por onde andei, com Fernanda Götz",@porondeandeicomfernandagotz,46300,5160908,436,estimated,exact,exact,observed,ready_auto
UCT4SghefAMuUYLRzzfCuorQ,Folha BV,@TVFolhaBV,14900,7454807,3950,estimated,exact,exact,observed,ready_auto
UC9U8yUk30C--oiLqJOjwbDQ,O Bonsai,@OBonsaiPlay,4650,198061,250,estimated,exact,exact,observed,ready_auto
UCXVMxyZwJBjy92x0loZ8jFA,Dra. Nathália Dantas,@dra.nathaliadantas,4880,2720819,692,estimated,exact,exact,observed,ready_partial
UCo4RsZ4uw-X_tDmzF7zZiCg,Fator X,@FatorX,5910,605690,994,estimated,exact,exact,observed,ready_auto
UCHFpQ5wPD-GQrNPEGBPQZrw,Ana Beatriz,@AnaBeReading,12700,3797462,1202,estimated,exact,exact,observed,ready_auto
UCV99tmXPLkeHVc8cYPBcvwQ,Estante Narrada,@estantenarrada,2750,178413,308,estimated,exact,exact,observed,ready_auto
UC6lnazfFNRVXvqCWNWzwvEw,Guri dos Livros,@guridoslivros3963,1280,72845,114,estimated,exact,exact,observed,ready_auto
UCYpmUB1uPNtQGpaja6f5djg,Imaginando,@Imaginando.livros,2330,1171056,836,estimated,exact,exact,observed,ready_auto
UCZrXLo5watwtTTsrnvlOvbQ,Debora Kely,@deborakelyumavoz,4370,192108,100,estimated,exact,exact,observed,ready_auto
UC5apXB99BP3zsYsx6Bjrkiw,Tailany Costa,@TailanyCosta,2720,174470,654,estimated,exact,exact,observed,ready_auto
UCrt5as5vH1pc1rM38veoYsg,Nat e livros | Booktube,@anatlivros,3320,201821,242,estimated,exact,exact,observed,ready_auto
UCFPTgynsjp6p10T-pjM9eXA,Ler Pra Quê?,@lerpraqueoficial,6910,489540,268,estimated,exact,exact,observed,ready_auto
UCXeaFBguCfpYmQ6O36uaqHw,kauadaff,@kauadaff,5210,157767,107,estimated,exact,exact,observed,ready_auto
UCQVzMbTI6Vxr2C50f7jpe_w,Linhas de amor,@linhasdeamor,112000,10655331,333,estimated,exact,exact,observed,ready_auto
UC2ZYROC5sk5QsvUyubIiRHw,Dra Priscilla Vicente - sem filtro,@priscillavicentedra,23500,1461098,340,estimated,exact,exact,unresolved,ready_auto
UCIJpLGYgo15BVlq17CJfc6g,No Divã com Taty Ades,@NoDiv%C3%A3comTatyAdes,119000,7437179,500,estimated,exact,exact,observed,ready_partial
UCv-3C3VWAblRZaZc37G4uqw,Bombeiro Civil,@BombeiroCivilProfissional,6610,1542082,49,estimated,exact,exact,observed,ready_partial
UCfJcQZOLfRGe_7NZtTO4xXw,Borderlar,@borderlar,2410,72395,20,estimated,exact,exact,observed,ready_partial
UCL7olxGDhccUP3D-etJFOWA,Camila Sakavicius - Emporium dos Cães,@emporiumdoscaesecia,3140,583333,462,estimated,exact,exact,observed,ready_partial
UCOifrSfZylTyk36JOoxkL_w,Danilo Carneiro,@Danilovcarneiro,24900,3474173,199,estimated,exact,exact,observed,ready_auto
UCmPGY0N_ASBr_2B66aAKtwA,Andreza Brasil e Italia.,@andrezabrasileitalia.2533,3620,288708,169,estimated,exact,exact,observed,ready_partial
UC_Vq6aeI3CtmPjJV8iM7XwA,Deysianne,@deysiannesantos507,1710,619017,229,estimated,exact,exact,observed,ready_partial
UCwoK370gI5iHLI_DmZQcFdw,Jhonny Salazar Olivera,@jhonnysalazarolivera9912,316000,85394038,20,estimated,exact,exact,observed,ready_partial
UCQWqlKQZaFerTJveo8hl-Uw,Tuzao,@Tuzao,2190,166637,224,estimated,exact,exact,observed,ready_partial
UCvMu68eXvj-grpFwY7mgK5A,Gabriel PLAY,@GabrielPlay7,196000,28324266,1084,estimated,exact,exact,observed,ready_auto
UCexDlQkmfAUzg__szcYcZNQ,Brigada Portuária,@BrigadaPortu%C3%A1ria,11000,663301,244,estimated,exact,exact,observed,ready_auto
UCJgwgm_6PuP6VIWFwU30h3w,Rock gamer,@rockgamer128,2530,638666,150,estimated,exact,exact,observed,ready_partial
UCmILhYhEWM-Nu973EneUbYQ,BOTO BC,@BotoBc,1420000,224589283,2343,estimated,exact,exact,observed,ready_auto
UC_0IKnBa_U0hLJ5SriL601Q,funny.,@apenasofunny,2000,1162682,15,estimated,exact,exact,observed,ready_partial
UCnr3rEOMwIa8nLyqzFXfZBw,O Bombeiro Sam,@obombeirosam2821,180000,67853632,85,estimated,exact,exact,observed,ready_partial
UCq7HoFUXL-t0Lp5HmuZ9YHg,Brother Brasil,@brotheratyoursidebr,42700,15664276,521,estimated,exact,exact,observed,ready_auto
UCNocOraV9FNxzK24bNAN3Dg,Programa Via da Moda,@programaviadamoda,20200,5239974,8401,estimated,exact,exact,observed,ready_partial
UCFQqi_SJFO8jjgvHEVQ2XXw,Leo Ferreira Vlog's,@leoferreiravlogs,9730,264135,21,estimated,exact,exact,observed,ready_partial
UCoFVFNJP437Y3W-zZcOc29Q,Morais Consultoria - Engenharia e Segurança do Trabalho,@moraisengenhariaa,87000,66965173,582,estimated,exact,exact,observed,ready_auto
UCxRhkCyH6oonEe4k0dheptQ,LEMEAR,@lemear,1110,148918,11,estimated,exact,exact,observed,ready_partial
UCEmlGV3dptymJnloFzrwu5g,Free Hand Bordados Leonardo Sant'Ana,@LeonardoSantAnafreehand,95900,7593400,1428,estimated,exact,exact,observed,ready_auto
UCRGxtQlr0MkR69FcfZwjkVg,Gicroche,@gicroche8289,60100,2854851,685,estimated,exact,exact,observed,ready_partial
UC6mQCceIiQ20hISW43-QV6g,Portal do Bom Retiro,@portaldobomretiro,1430,289934,855,estimated,exact,exact,observed,ready_partial
UCLGBcOSe9r-3pHNe5SAPdJQ,Laubordando,@laubordando,20900,278512,159,estimated,exact,exact,observed,ready_auto
UCPclbfsRIikPAXeV4sSaFeA,Bombeiros BR 🇧🇷,@viaturasbr,1780,1179111,63,estimated,exact,exact,observed,ready_partial
UC_Aw2QAbxw-ZswhQXsO3MeA,Bordado á Mão Mirian Oliveira,@BordadoamaoMirianOliveira,20400,2246382,520,estimated,exact,exact,observed,ready_auto
UCHrFJBogp8PZZSvzxbS1D9w,Trilha Norte,@trilhanorte,1240,287971,89,estimated,exact,exact,observed,ready_auto
UCb42l96VGByJxwAo7ZIQHPQ,Mais Que Amigos - Junior & Monize,@maisqueamigos-juniormonize3675,3610,258660,148,estimated,exact,exact,observed,ready_partial
UC-QKP1XiBYnd-HUCCxvMDqQ,Aunt Zú's Embroidery and Sewing,@BordadoseCosturasdaTiaZu,6750,1339494,677,estimated,exact,exact,observed,ready_auto
UCACBLqRiNSq96MW64moUq6g,Curso FO+,@cursofopositivo,8890,268064,81,estimated,exact,exact,observed,ready_partial
UCO_70QedKsCsu46ucEZsytQ,Transbordando,@transbordando7656,120000,9130321,214,estimated,exact,exact,observed,ready_auto
UCQro6Z1NakdgbXDxQ5Wapkw,Suelen Alves - Bordado Livre,@suelenalves_,52600,3309709,133,estimated,exact,exact,observed,ready_auto
UC5O4Se1KF-l8cvQUJDqYDEw,B-FORCE CURSOS,@b-forcecursos4048,12400,1204384,53,estimated,exact,exact,observed,ready_partial
UCu3lFp8_7gy1WBFQrZJfgxQ,Bombeiro Civil Responde,@bombeirocivilresponde3567,11200,566499,23,estimated,exact,exact,observed,ready_partial
UCzEG2NCfgNqrMRuuUytz6lg,Bere Artes Oficial,@BereArtesOficial,414000,29681337,644,estimated,exact,exact,observed,ready_auto
UChEp26LMTXgHA9WgFhUtgnA,Fernanda Nadal - Economia Criativa,@FernandaNadal,7190,222488,196,estimated,exact,exact,observed,ready_auto
UC7qWzdQJ69MZf0zhH1FwI7Q,Sgt Firmino Junior - Técnicas de Bombeiro,@Tecnicas_bombeiros,89900,73508276,779,estimated,exact,exact,observed,ready_auto
UC7jae8385rvjixC1WCfhkwQ,Felipe Louback,@loubackoutside,15800,3734280,333,estimated,exact,exact,observed,ready_auto
UCrmDtkx3gZQ1wX1dwxdf-cA,Guilherme Machado - Concursos,@guilhermemachadoconcursos,66200,5894243,406,estimated,exact,exact,observed,ready_partial
UCGu5SdCrin4aVxhtYDPFojg,Não Sou Bombeiro,@InstrutorWilliam,7260,695178,565,estimated,exact,exact,observed,ready_partial
UCIThHql36KCSz2ykycCQGYQ,Maykel Matos,@maykeelout,3950,780215,131,estimated,exact,exact,observed,ready_partial
UChWTtUG6TngdNQV-nwzZIjA,Rafael Leite,@RafaelhLeite,59700,11083822,204,estimated,exact,exact,observed,ready_partial
UCMCPftKZmihwJD2sGnXKDiA,Canal CNBC Conselho Nacional de Bombeiros Civis,@canalcnbc,4220,282634,84,estimated,exact,exact,observed,ready_partial
UCU5hjwq8EVzws6Ena0SjkVA,Adventures of Tom and Luke,@aventurasdetomeluke,4290,672633,289,estimated,exact,exact,observed,ready_auto
UCfisGurcFFq04TBqu5CrQsA,Borracheiro PE,@borracheiro-PE,905000,646676014,2896,estimated,exact,exact,observed,ready_auto
UCQbc8moReLs1YYsxyPFhl9g,Bizu Podcast,@bizupodcast123,11900,984281,528,estimated,exact,exact,observed,ready_auto
UChIkTdrTSjphbheEtwkY61Q,Daniel Foroni - Border Collie,@danielforoni,13000,6003010,1005,estimated,exact,exact,observed,ready_auto
UCO74M32JtaPnEcG7MijKxwg,Centro de Ensino Bombeiro MIlitar Santa Catarina,@cebmsc,6980,694841,17,estimated,exact,exact,observed,ready_partial
UCqWcUnJjKpK9udGv0JAPG1A,I Love Dolls,@ilovedolls,15900,3571742,440,estimated,exact,exact,observed,ready_auto
UCb35WNtfEC24RrD0g8rLWlA,Papo cabeça com Adriana Santiago,@Papocabe%C3%A7acomAdrianaSantiago,6480,192200,223,estimated,exact,exact,observed,ready_auto
UCP3G_iMXo3JbiZolRJMoc5A,FILMES & SÉRIES COM LUIZ CÉSAR RANGEL,@Filmeseseriesluizrangel,4650,744545,183,estimated,exact,exact,observed,ready_auto
UCDTWA-id5l6-GnLHuRGLWgw,Karen Venturi,@Karenventuri,3530,653891,65,estimated,exact,exact,observed,ready_auto
UCyHDN4NVcJJM8ix6Uz2meNQ,TUDO sobre PSIQUIATRIA,@tudosobrepsiquiatria,35000,2180826,322,estimated,exact,exact,observed,ready_auto
UCVM8Jz1fKsMxr6cyuuF4KUA,Lilian Melchert,@limelchert,4430000,388902301,459,estimated,exact,exact,observed,ready_partial
UCKq1Ic45tEO3n8quyUbphAg,Dr. Hugo Martins BORDERLINE,@drhugomartinsborderline,11900,803814,265,estimated,exact,exact,observed,ready_auto
UCNArtwGWNZMFHRjbgeciOEQ,Genilton martins Dias,@GeniltonmartinsDias,5860,2666220,2351,estimated,exact,exact,observed,ready_auto
UCAVX66mBWSlSqr42hm3CvtQ,Dra. Sabryna Werneck - Coloproctologista,@sabrynawerneck424,1660,556774,207,estimated,exact,exact,observed,ready_auto
UCJqqHPV6uWUmgRYOBr7qG9Q,асков,@BrasilOperacional,151000,4600825,44,estimated,exact,exact,observed,ready_partial
UCmjgnh-PGAtV92Ln_LkeoXw,Atila Brito Oficial,@Atilabritooficial,9820,385622,102,estimated,exact,exact,observed,ready_partial
UCj-3m00K4Iq9IbVLpFFxoMQ,João Pithon,@joaopithon,61700,2975439,711,estimated,exact,exact,observed,ready_auto
UC448SDGTV5kFgqrGzMKD5qg,Pereira BM,@Pereirabm,18600,7952171,574,estimated,exact,exact,observed,ready_partial
UCcUJlBCGWW6pMeHu43ePmww,Adrianito,@Adrianito_oficial,88500,9462902,60,estimated,exact,exact,observed,ready_partial
UCRsCg8GE4fHtcBqFoaMZIJg,FECHADO COM A SEGURANÇA,@fechadocomaseguranca,139000,12106813,1372,estimated,exact,exact,observed,ready_auto
UCxUCT75p8rVMvVXZzfQPGrQ,Lael Freitas - Bastidores da Emergência,@laelfreitas7952,31000,5033697,133,estimated,exact,exact,observed,ready_auto
UCRaNclpeRmFdcw4T8sHoUSg,Samba Flavors,@SambaFlavors,8510,2190695,15,estimated,exact,exact,observed,ready_partial
UCKVSjnRSNFdvmt9UGde_QmA,Cabelos Da Leticia,@CabelosDaLeticia,1720,434702,222,estimated,exact,exact,observed,ready_auto
UCOm2kwStL_a7UrrcF7gX49g,2 no rolê,@2norole,16800,2655580,478,estimated,exact,exact,observed,ready_auto
UCeB4wQA8xSlWZkem478kK4A,THIESEN BOMBEIRO,@THIESENBOMBEIRO,20400,1575259,26,estimated,exact,exact,observed,ready_partial
UCjVk7F6NtGVsOJe2tFywEpQ,Bruna Muffin,@BrunaMuffin,3980,396448,57,estimated,exact,exact,observed,ready_auto
UCEJaOpaieYegjIEI8mRIaUA,Naiane Almeida,@Naiane_Almeida,1430,473140,178,estimated,exact,exact,observed,ready_partial
UCYBdFN15LxsD-Y59fB7rNFA,Bombeiro Paraizo,@BombeiroParaizo,180000,27687554,818,estimated,exact,exact,observed,ready_auto
UCXY0wAH7vxtGgqy6yknKXvA,Grupo Med Mais,@GrupoMedMais,6500,5762266,556,estimated,exact,exact,observed,ready_auto
UCQr2Nif6hbKIVzEZsnCEvTw,"Orff, Narrando Doramas",@Orff_,164000,23034857,265,estimated,exact,exact,observed,ready_auto
UC5AipdF2d_jKQXe1FXd5AMw,Desbravando Lugares Incríveis,@DesbravandoLugaresIncriveis,1790,396721,3589,estimated,exact,exact,observed,ready_auto
UCJqsir_vlMTzAVm8FogQ6OA,TIRADENTES ONLINE,@tiradentesonline,267000,5739107,2734,estimated,exact,exact,observed,ready_auto
UCRMAXh1cD_FJKjdixDxjFzQ,Marimbondo Oficial,@Marimbondooficial,24200,2241143,69,estimated,exact,exact,observed,ready_auto
UCjqSjH7VnkM9yrU9bwVHCew,ELAINNE DESIGNER CROCHET,@elainnedesignercroche,34300,2399061,293,estimated,exact,exact,observed,ready_auto
UCM2BD7wLkCPKrpgw-PxIGtg,NOIALK,@noialk,4150,933138,309,estimated,exact,exact,observed,ready_auto
UC2LMZ5yNPeCOwedt8VGARmQ,Walter Brotto - Matemática e RLM para concursos,@walterbrottoprof,10900,551824,325,estimated,exact,exact,observed,ready_auto
UCMY_qTNt3G8EIiIZEPkx_2Q,193 SP,@193sp2,5370,2381389,291,estimated,exact,exact,observed,ready_auto
UCNGK946nwT71L1mJo2Yl-wg,Salve Salve Família,@SalveSalveFam%C3%ADlia,435000,41449903,155,estimated,exact,exact,observed,ready_partial
UChiOHVTRyV9fjUfonEzUu9g,Luiz por aí,@Luizpora%C3%AD,64000,1629391,135,estimated,exact,exact,observed,ready_partial
UCHmz6tuoLVpfdEdxd0VH9gg,"Rubens Jr. Books, Movies & Supernatural Cases",@lervicia,13400,1079637,958,estimated,exact,exact,observed,ready_partial
UC3hlDcmDbYVK2Z8e6XWBgYg,Estante da Elise,@eliseamin,1500,500077,100,estimated,exact,exact,observed,ready_partial
UC1IjrKfYKRTW3K1SDPL3erA,Mirian Fumiko e Kenji,@mirianekenji,19800,1174062,71,estimated,exact,exact,observed,ready_partial
UCVBoiK-9APR8Zo763sKIZuQ,juanminiboi,@juanminiboi,617000,121599880,231,estimated,exact,exact,observed,ready_partial
UCaoxr_ljSwJVv9SM-bLPDEw,Canal: O Bang dos Monstros,@obangdosmonstros,9640,2599081,354,estimated,exact,exact,observed,ready_auto
UCRMRNU-LTQzceM2N_imi_oA,Bonsai Mais,@BonsaiMais,10400,643690,140,estimated,exact,exact,observed,ready_partial
UC4WoctVvYXhuyML2wU_n52w,Banstur Oficial,@webeditbanstur,1050,186610,192,estimated,exact,exact,observed,ready_partial
UCVF1yaQxGVrcnbzjzhM31qQ,Descobrindo o Mundo,@DESCOBRINDO_MUNDO,13600,4995064,436,estimated,exact,exact,observed,ready_partial
UCnR9BONXEfLMGUttDX594uA,Tropa do Arcanjo,@TropadoArcanjo,71900,17329558,334,estimated,exact,exact,observed,ready_auto
UC9dXi83vJqtrHRpz7EKTNbg,Reylla Garcia,@reyllagarcia,1090,132560,5,estimated,exact,exact,observed,ready_partial
UCuvmdyOwPkZm5YZUsauaeag,CanalBossBrasil,@CanalBossBrasil,63900,13218675,430,estimated,exact,exact,observed,ready_auto
UC1Vd5bDiiwlPo93snPGEQgQ,Deise Misturini,@deisemisturini,99500,12912599,160,estimated,exact,exact,observed,ready_auto
UCKnnNLeBLOuA8-u14Kz-E-Q,Embroidered Phrase,@FraseBordada,19500,651611,56,estimated,exact,exact,observed,ready_partial
UCP8sasYwmGerKWjAIfzUsgA,Mr Fred's Wildlife Channel,@xofred,48400,15919626,371,estimated,exact,exact,observed,ready_partial
UCJWU1QrTDOCQWFZpqVoU3jw,Dan Lellis,@DanLellis,1990000,814621364,136,estimated,exact,exact,observed,ready_auto
UCt0o71mX6nrHWKVsOhPxTaQ,UCLÃ,@oficialucla,1040000,576069275,366,estimated,exact,exact,observed,ready_auto
UCa5senFz5GjpCmchY9EFjog,JGN MOTOS,@JGNMOTOS,187000,38932740,1179,estimated,exact,exact,observed,ready_auto
UCL6bVOwikELnzOVSKmkgoLw,Quivo,@QuivoYT_,699000,106048334,428,estimated,exact,exact,observed,ready_auto
UCXYjQzERHOocNYewObF0Jtw,WAIT a MINUTE,@WAITaMINUTEoficial,1830,201950,78,estimated,exact,exact,observed,ready_partial
UCv_y0KpIJBXh9U0wDU7SFSA,MIRIAN BEM | DIREITO & LIVROS,@mirianbemdireitoelivros,7290,362295,101,estimated,exact,exact,observed,ready_auto
UC_C6qIRuIFNQxtj62Fx53iA,ViktorDolls,@viktordolls,9250,4388882,468,estimated,exact,exact,observed,ready_auto
UC-elKmPaTvTDP5NpHrTC2Cw,DyngoVerso,@dyngoverso,1240000,555158514,1601,estimated,exact,exact,observed,ready_auto
UCNV4h6wj4dAzXxh-P200Lig,Corpo de Bombeiros Militar do Rio de Janeiro,@corpodebombeiros_rj,17400,2315830,930,estimated,exact,exact,observed,ready_auto
UCS_PZo43DmtcQehvavK3Amw,Canal Nobre,@CanalNobreBrasil,23400,6015341,722,estimated,exact,exact,observed,ready_auto
UCPNfKdzR9PbXo8LXsK6Bnzw,Munhoz e Mariano,@MunhozeMarianoOficial,1050000,495496385,1169,estimated,exact,exact,observed,ready_auto
UC939ITmr2FvBByW7xqy_fXQ,BIVAK,@bivak6380,26000,2358818,697,estimated,exact,exact,observed,ready_auto
UC34JLQyMG_B80Q1F8TSpUNQ,Boneco Luizinho Oficial,@bonecoluizinhooficial,115000,58542369,386,estimated,exact,exact,observed,ready_auto
UCXYO84r4R3kg2Xe7gRB878Q,NARUTO BRAZIL,@NarutoBrazil,181000,52933995,347,estimated,exact,exact,observed,ready_auto
UCOjdcls78eEjJ56TKNZRHSQ,Yakko Sideratos,@YakkoSideratos,1550000,422436064,1388,estimated,exact,exact,observed,ready_auto
UCsmZPOZLxnH4LKb0QshjJIw,Madarou Animes,@MadarouAnimes,787000,705795602,420,estimated,exact,exact,observed,ready_auto
UCR_IP0qlS4HWOVfX6UgAJMw,Lídia Ana Brasil,@L%C3%ADdiaAnaBrasil,23500,1085980,298,estimated,exact,exact,observed,ready_auto
UC_I3XbN7ucNBtbOW2qmhI1A,Dornelles,@dornellesmusic,33700,11575441,300,estimated,exact,exact,observed,ready_auto
UCt1z3h_LwC8avIKNwqGKTrg,canal da isabelly oficial,@vilmasantos6365,262000,138554769,5389,estimated,exact,exact,observed,ready_auto
UCM7F3eUGaHa-lRU3K15mIPg,NIKITO Labrae,@NIKITOLABRAE,14500,7410540,79,estimated,exact,exact,observed,ready_partial
UCu9N3CAxKSEmQ0cPZFIuHQA,BONITO MS OFICIAL,@BONITOMSOFICIAL,1200,195807,97,estimated,exact,exact,observed,ready_partial
UCYkXOfIT3paA3HWg4mWDnPw,Fuyuchi,@Fuyuchianimes,75500,61350453,761,estimated,exact,exact,observed,ready_auto
UCtxpJ80NPJCvvAMjuhxGrdA,Frango Albino,@frangoalbino,42300,99257246,222,estimated,exact,exact,observed,ready_auto
UCxB7YC2typ7_00TGXyxuGTQ,PuniGames BR,@PuniGamesBR,2960,828907,1350,estimated,exact,exact,observed,ready_auto
UCm4CFioWL4Eoi6u7RSj7NGw,Bonsai On-Line,@BONSAIONLINECURSOS,90900,8761645,679,estimated,exact,exact,observed,ready_auto
UCub0YCV2lloJ8pu2Hs8k0Dg,Memorial do Bonsai,@Memorialdobonsai,17300,1350051,244,estimated,exact,exact,observed,ready_partial
UCQT9jQI5XpvdCko9yypzztg,Brasil Survival,@BrasilSurvivalGames,12700,3340801,3271,estimated,exact,exact,observed,ready_auto
UCa-b7jwtm-gzbtNDTMUJ8eQ,Bonsai e Ciência,@bonsaieciencia,11800,2832919,475,estimated,exact,exact,observed,ready_auto
UCL0wF2vJY_1QiQQb4iS0CPg,Clara Valverde,@ClaraValverde,44100,7751123,78,estimated,exact,exact,observed,ready_partial
UCW3HIfFL5UXZq-obuS2KI9g,Cortes do Grevthar (OFICIAL),@CortesdoGrevthar,11900,1905853,570,estimated,exact,exact,observed,ready_auto
UC5wpOxz_cIL9ineQx1qvSvw,DJ CON,@DJ.CON_,1720,464045,329,estimated,exact,exact,observed,ready_auto
UCux-_dC3rJbIqGt6uB16Ezg,Pita Mello,@PitaMello,43500,965829,43,estimated,exact,exact,observed,ready_auto
UCgjfY-uU0XjoVOmssa1epAg,Bossa Rústica,@bossanova_rustica,14600,3944827,172,estimated,exact,exact,observed,ready_auto
UCJ1BML7-sqXakgBJqxovMZg,Patricia Carrêro,@PatriciaCarrero,113000,11083626,820,estimated,exact,exact,observed,ready_auto
UC4ISkLMNqcm9ZrO0bYC6yYA,Rochele Beatriz,@RocheleBeatriz,6370,364806,60,estimated,exact,exact,observed,ready_partial
UCmHDpLpieZHXjR6dmjo53vA,Mabe Back,@mabeback,14100,2818753,402,estimated,exact,exact,observed,ready_partial
UCiBgumAKnwiBKuOAvqUpCkw,Canal Rudinho Santos (OFICIAL),@RudinhoSantos,9170,2110428,751,estimated,exact,exact,observed,ready_auto
UCtzix4eWI8wlT_2ilo5HHNA,Gabriel Dog Trainer,@gabrieldogtrainer,1680,195859,81,estimated,exact,exact,observed,ready_partial
UC7TAtvMHKUfsWIRm878zijA,Fernando Freitas CS,@fernandofreitascs,180000,7653822,1891,estimated,exact,exact,observed,ready_auto
UCMu3_wVuh5wNpXd664rEEiA,Priscilla Olyva,@PriscillaOlyva,4270,496848,239,estimated,exact,exact,observed,ready_partial
UC6SFvnN4dVJVAQXDLgdgI_g,Mauricio Brillinger • Meu Livro e Eu,@MeuLivroeEu,7550,259992,122,estimated,exact,exact,observed,ready_partial
UC_VqKCbXOYA-lZtRW5JvtHg,Costurando com a Lu,@costurandocomaluprofessora,28500,1246405,329,estimated,exact,exact,observed,ready_auto
UCiCXRHhwqNWGVfO6it2jH6g,Ju Camargo (AgroRepórter),@JulianaCamargo_agro,5100,1061612,14,estimated,exact,exact,observed,ready_partial
UCsLI41JjfpWXOIa6V563WrA,BORDADO LUNEVILLE,@BORDADOLUNEVILLE,5030,140820,28,estimated,exact,exact,observed,ready_partial
UC4cIcAV7MoOyG47cKWGxMjA,Cariocas na Viagem por Marcele e Sillas,@cariocasnaviagem,12800,1721635,152,estimated,exact,exact,observed,ready_auto
UCDrCfZolWBPnNNsKMqb-K-A,Pano Xadrez - Eliana Zerbinatti Tia Lili Patchwork,@tialilipatchwork,307000,27821992,1144,estimated,exact,exact,observed,ready_auto
UCnhGK-oPqwA_Ft9NxGlcj2w,Bordados da Nat,@bordanat,3270,234523,36,estimated,exact,exact,observed,ready_partial
UCu0vroGSTLJZNT1vnW10CFA,Jonatan Santos,@JonatanSantosYT,4500000,1438224291,7108,estimated,exact,exact,observed,ready_auto
UCurde3V512qeWX7nIGhjB1w,Lu Carrilho,@lu.carrilho,44700,2451057,106,estimated,exact,exact,observed,ready_partial
UCY4n8HxPSvjGPEJgGCV1DSw,Ciência Jovem,@cienciajovem3085,8620,207611,812,estimated,exact,exact,observed,ready_partial
UCieqCDRrLWYOya5snRH2JlA,Borde Pedraria!,@BordePedraria,10700,603338,314,estimated,exact,exact,observed,ready_partial
UCoLKjgH53FqpEMHbt_acGNw,FRED - ANIME WHATEVER,@Fredanimewhatever,1400000,88822106,1710,estimated,exact,exact,observed,ready_auto
UCRLAwUhbsZgbFM-TsvHCKig,Kakashi Hatake,@Sexto_Hokage,22300,10208381,44,estimated,exact,exact,observed,ready_partial
UCSAvI0dt9vgtF2H1iq97VBw,mariozoliborala,@mariozoliborala4997,6710,2298370,507,estimated,exact,exact,observed,ready_auto
UCMbDNeS2Ei0ZdYeBRyx2pXw,SAMU Games e Animes,@SAMUGameseAnimes,10100,3719981,38,estimated,exact,exact,observed,ready_partial
UC5wrP1Oe_MQXSNh7HOQ-ZZA,Noite Proibida,@NoiteProibida,120000,92830,10,estimated,exact,exact,observed,ready_auto
UCEACFJ2tXd9IR2IEKS68dSg,Ellen Torres,@GatoZeon,1330,310172,345,estimated,exact,exact,observed,ready_auto
UC74HxQHSzfWUCX-wJ9lKfBw,Gaboni Professional,@gaboniprofessional,4660,976413,366,estimated,exact,exact,observed,ready_auto
UCeYSbgTMfVZ3ntFnYrfzpXQ,Dra. Fernanda Sulzbach,@DraFernandaSulzbach,64200,4550900,611,estimated,exact,exact,observed,ready_auto
UCENggTnygy4o8fvIK9VHyTA,Caroline M.,@Maircaroline,28300,2796865,31,estimated,exact,exact,observed,ready_partial
UCV74Nj_nQf9HtHxbdmVuw1g,Claudia Ramos,@claudiamagalhaes2,2600,1238807,172,estimated,exact,exact,observed,ready_auto
UCbwpLambSalvUMldxHVDJYA,LS Cabelos de Diva - Cabeleireira Profissional,@leehDiamante,14000,1794649,170,estimated,exact,exact,observed,ready_partial
UCmOts6jJaYogqO-YbZ68U6w,MANU RIBEIRO e BEBÊ REBORN,@FLAVIARIBEIROeMANU,513000,447178052,1075,estimated,exact,exact,observed,ready_auto
UCH5OuswpmXn2agd5EEQXtTw,Dot Cosméticos,@dotcosmeticos,14800,8667723,1208,estimated,exact,exact,observed,ready_auto
UCoirnb8Mk_R0pODN69-unyw,Khauana Pacheco,@KhauanaPacheco,245000,24901410,545,estimated,exact,exact,observed,ready_auto
UCkqVVH_Yj3C0dAFAcYrwGCg,Kátlen Cachos,@Katlencachos,21700,8217152,557,estimated,exact,exact,observed,ready_auto
UCG6rl4Cga0jDIWrnlZRfgLw,Luciano Bastos Alisamentos,@lucianobastosalisamentos,8680,1165660,288,estimated,exact,exact,observed,ready_auto
UCjn-Ekz7SMKWLY7n0Vi_qTg,Sophi Malheiros,@sophimalheiros,20400,5507474,334,estimated,exact,exact,observed,ready_partial
UCWDv6q6tnBfHOZreE48CZtA,Renata Schneider - Topic,,11500,4404000,9,estimated,exact,exact,observed,ready_partial
