node,node_id,worker,worker_id,completed,session_opened,enabled,accepting,online
增量节点02,0e108078-200a-4df0-9a58-a28abc97a692,incremental-1,remote-0e108078-200a-4df0-9a58-a28abc97a692-incremental-1,179,178,True,True,True
增量节点02,0e108078-200a-4df0-9a58-a28abc97a692,incremental-10,remote-0e108078-200a-4df0-9a58-a28abc97a692-incremental-10,0,0,False,False,
增量节点02,0e108078-200a-4df0-9a58-a28abc97a692,incremental-11,remote-0e108078-200a-4df0-9a58-a28abc97a692-incremental-11,0,0,False,False,
增量节点02,0e108078-200a-4df0-9a58-a28abc97a692,incremental-12,remote-0e108078-200a-4df0-9a58-a28abc97a692-incremental-12,0,0,False,False,
增量节点02,0e108078-200a-4df0-9a58-a28abc97a692,incremental-13,remote-0e108078-200a-4df0-9a58-a28abc97a692-incremental-13,0,0,False,False,
增量节点02,0e108078-200a-4df0-9a58-a28abc97a692,incremental-14,remote-0e108078-200a-4df0-9a58-a28abc97a692-incremental-14,0,0,False,False,
增量节点02,0e108078-200a-4df0-9a58-a28abc97a692,incremental-15,remote-0e108078-200a-4df0-9a58-a28abc97a692-incremental-15,0,0,False,False,
增量节点02,0e108078-200a-4df0-9a58-a28abc97a692,incremental-2,remote-0e108078-200a-4df0-9a58-a28abc97a692-incremental-2,75,74,True,True,True
增量节点02,0e108078-200a-4df0-9a58-a28abc97a692,incremental-3,remote-0e108078-200a-4df0-9a58-a28abc97a692-incremental-3,209,209,True,True,True
增量节点02,0e108078-200a-4df0-9a58-a28abc97a692,incremental-4,remote-0e108078-200a-4df0-9a58-a28abc97a692-incremental-4,228,226,True,True,True
增量节点02,0e108078-200a-4df0-9a58-a28abc97a692,incremental-5,remote-0e108078-200a-4df0-9a58-a28abc97a692-incremental-5,0,0,False,False,
增量节点02,0e108078-200a-4df0-9a58-a28abc97a692,incremental-6,remote-0e108078-200a-4df0-9a58-a28abc97a692-incremental-6,152,152,True,True,True
增量节点02,0e108078-200a-4df0-9a58-a28abc97a692,incremental-7,remote-0e108078-200a-4df0-9a58-a28abc97a692-incremental-7,268,268,True,True,True
增量节点02,0e108078-200a-4df0-9a58-a28abc97a692,incremental-8,remote-0e108078-200a-4df0-9a58-a28abc97a692-incremental-8,277,273,True,True,True
增量节点02,0e108078-200a-4df0-9a58-a28abc97a692,incremental-9,remote-0e108078-200a-4df0-9a58-a28abc97a692-incremental-9,288,287,True,True,True
备用节点,4dd3a5b8-b128-49a6-867f-81264e9acee4,incremental-1,remote-4dd3a5b8-b128-49a6-867f-81264e9acee4-incremental-1,0,0,False,True,True
备用节点,4dd3a5b8-b128-49a6-867f-81264e9acee4,incremental-10,remote-4dd3a5b8-b128-49a6-867f-81264e9acee4-incremental-10,0,0,False,True,True
备用节点,4dd3a5b8-b128-49a6-867f-81264e9acee4,incremental-11,remote-4dd3a5b8-b128-49a6-867f-81264e9acee4-incremental-11,0,0,False,True,True
备用节点,4dd3a5b8-b128-49a6-867f-81264e9acee4,incremental-12,remote-4dd3a5b8-b128-49a6-867f-81264e9acee4-incremental-12,0,0,False,True,True
备用节点,4dd3a5b8-b128-49a6-867f-81264e9acee4,incremental-13,remote-4dd3a5b8-b128-49a6-867f-81264e9acee4-incremental-13,0,0,False,True,True
备用节点,4dd3a5b8-b128-49a6-867f-81264e9acee4,incremental-14,remote-4dd3a5b8-b128-49a6-867f-81264e9acee4-incremental-14,0,0,False,True,True
备用节点,4dd3a5b8-b128-49a6-867f-81264e9acee4,incremental-15,remote-4dd3a5b8-b128-49a6-867f-81264e9acee4-incremental-15,0,0,False,True,True
备用节点,4dd3a5b8-b128-49a6-867f-81264e9acee4,incremental-16,remote-4dd3a5b8-b128-49a6-867f-81264e9acee4-incremental-16,0,0,False,True,True
备用节点,4dd3a5b8-b128-49a6-867f-81264e9acee4,incremental-17,remote-4dd3a5b8-b128-49a6-867f-81264e9acee4-incremental-17,0,0,False,True,True
备用节点,4dd3a5b8-b128-49a6-867f-81264e9acee4,incremental-18,remote-4dd3a5b8-b128-49a6-867f-81264e9acee4-incremental-18,0,0,False,True,True
备用节点,4dd3a5b8-b128-49a6-867f-81264e9acee4,incremental-19,remote-4dd3a5b8-b128-49a6-867f-81264e9acee4-incremental-19,0,0,False,True,True
备用节点,4dd3a5b8-b128-49a6-867f-81264e9acee4,incremental-2,remote-4dd3a5b8-b128-49a6-867f-81264e9acee4-incremental-2,0,0,False,True,True
备用节点,4dd3a5b8-b128-49a6-867f-81264e9acee4,incremental-20,remote-4dd3a5b8-b128-49a6-867f-81264e9acee4-incremental-20,0,0,False,True,True
备用节点,4dd3a5b8-b128-49a6-867f-81264e9acee4,incremental-3,remote-4dd3a5b8-b128-49a6-867f-81264e9acee4-incremental-3,0,0,False,True,True
备用节点,4dd3a5b8-b128-49a6-867f-81264e9acee4,incremental-4,remote-4dd3a5b8-b128-49a6-867f-81264e9acee4-incremental-4,0,0,False,True,True
备用节点,4dd3a5b8-b128-49a6-867f-81264e9acee4,incremental-5,remote-4dd3a5b8-b128-49a6-867f-81264e9acee4-incremental-5,0,0,False,True,True
备用节点,4dd3a5b8-b128-49a6-867f-81264e9acee4,incremental-6,remote-4dd3a5b8-b128-49a6-867f-81264e9acee4-incremental-6,0,0,False,True,True
备用节点,4dd3a5b8-b128-49a6-867f-81264e9acee4,incremental-7,remote-4dd3a5b8-b128-49a6-867f-81264e9acee4-incremental-7,0,0,False,True,True
备用节点,4dd3a5b8-b128-49a6-867f-81264e9acee4,incremental-8,remote-4dd3a5b8-b128-49a6-867f-81264e9acee4-incremental-8,0,0,False,True,True
备用节点,4dd3a5b8-b128-49a6-867f-81264e9acee4,incremental-9,remote-4dd3a5b8-b128-49a6-867f-81264e9acee4-incremental-9,0,0,False,True,True
增量主节点（node01）,54a7cdd3-eb9c-4713-8d2f-21f4a5279de0,incremental-1,remote-54a7cdd3-eb9c-4713-8d2f-21f4a5279de0-incremental-1,0,0,False,False,
增量主节点（node01）,54a7cdd3-eb9c-4713-8d2f-21f4a5279de0,incremental-10,remote-54a7cdd3-eb9c-4713-8d2f-21f4a5279de0-incremental-10,193,192,True,True,True
增量主节点（node01）,54a7cdd3-eb9c-4713-8d2f-21f4a5279de0,incremental-11,remote-54a7cdd3-eb9c-4713-8d2f-21f4a5279de0-incremental-11,282,282,True,True,True
增量主节点（node01）,54a7cdd3-eb9c-4713-8d2f-21f4a5279de0,incremental-12,remote-54a7cdd3-eb9c-4713-8d2f-21f4a5279de0-incremental-12,258,258,True,True,True
增量主节点（node01）,54a7cdd3-eb9c-4713-8d2f-21f4a5279de0,incremental-13,remote-54a7cdd3-eb9c-4713-8d2f-21f4a5279de0-incremental-13,241,237,True,True,True
增量主节点（node01）,54a7cdd3-eb9c-4713-8d2f-21f4a5279de0,incremental-14,remote-54a7cdd3-eb9c-4713-8d2f-21f4a5279de0-incremental-14,229,228,True,True,True
增量主节点（node01）,54a7cdd3-eb9c-4713-8d2f-21f4a5279de0,incremental-15,remote-54a7cdd3-eb9c-4713-8d2f-21f4a5279de0-incremental-15,338,338,True,True,True
增量主节点（node01）,54a7cdd3-eb9c-4713-8d2f-21f4a5279de0,incremental-16,remote-54a7cdd3-eb9c-4713-8d2f-21f4a5279de0-incremental-16,286,284,True,True,True
增量主节点（node01）,54a7cdd3-eb9c-4713-8d2f-21f4a5279de0,incremental-17,remote-54a7cdd3-eb9c-4713-8d2f-21f4a5279de0-incremental-17,266,264,True,True,True
增量主节点（node01）,54a7cdd3-eb9c-4713-8d2f-21f4a5279de0,incremental-18,remote-54a7cdd3-eb9c-4713-8d2f-21f4a5279de0-incremental-18,199,199,True,True,True
增量主节点（node01）,54a7cdd3-eb9c-4713-8d2f-21f4a5279de0,incremental-19,remote-54a7cdd3-eb9c-4713-8d2f-21f4a5279de0-incremental-19,255,255,True,True,True
增量主节点（node01）,54a7cdd3-eb9c-4713-8d2f-21f4a5279de0,incremental-2,remote-54a7cdd3-eb9c-4713-8d2f-21f4a5279de0-incremental-2,0,0,False,False,
增量主节点（node01）,54a7cdd3-eb9c-4713-8d2f-21f4a5279de0,incremental-20,remote-54a7cdd3-eb9c-4713-8d2f-21f4a5279de0-incremental-20,194,194,True,True,True
增量主节点（node01）,54a7cdd3-eb9c-4713-8d2f-21f4a5279de0,incremental-21,remote-54a7cdd3-eb9c-4713-8d2f-21f4a5279de0-incremental-21,248,248,True,True,True
增量主节点（node01）,54a7cdd3-eb9c-4713-8d2f-21f4a5279de0,incremental-22,remote-54a7cdd3-eb9c-4713-8d2f-21f4a5279de0-incremental-22,345,339,True,True,True
增量主节点（node01）,54a7cdd3-eb9c-4713-8d2f-21f4a5279de0,incremental-23,remote-54a7cdd3-eb9c-4713-8d2f-21f4a5279de0-incremental-23,250,250,True,True,True
增量主节点（node01）,54a7cdd3-eb9c-4713-8d2f-21f4a5279de0,incremental-24,remote-54a7cdd3-eb9c-4713-8d2f-21f4a5279de0-incremental-24,207,207,True,True,True
增量主节点（node01）,54a7cdd3-eb9c-4713-8d2f-21f4a5279de0,incremental-25,remote-54a7cdd3-eb9c-4713-8d2f-21f4a5279de0-incremental-25,206,205,True,True,True
增量主节点（node01）,54a7cdd3-eb9c-4713-8d2f-21f4a5279de0,incremental-26,remote-54a7cdd3-eb9c-4713-8d2f-21f4a5279de0-incremental-26,271,269,True,True,True
增量主节点（node01）,54a7cdd3-eb9c-4713-8d2f-21f4a5279de0,incremental-27,remote-54a7cdd3-eb9c-4713-8d2f-21f4a5279de0-incremental-27,224,222,True,True,True
增量主节点（node01）,54a7cdd3-eb9c-4713-8d2f-21f4a5279de0,incremental-28,remote-54a7cdd3-eb9c-4713-8d2f-21f4a5279de0-incremental-28,247,245,True,True,True
增量主节点（node01）,54a7cdd3-eb9c-4713-8d2f-21f4a5279de0,incremental-29,remote-54a7cdd3-eb9c-4713-8d2f-21f4a5279de0-incremental-29,269,268,True,True,True
增量主节点（node01）,54a7cdd3-eb9c-4713-8d2f-21f4a5279de0,incremental-3,remote-54a7cdd3-eb9c-4713-8d2f-21f4a5279de0-incremental-3,210,209,True,True,True
增量主节点（node01）,54a7cdd3-eb9c-4713-8d2f-21f4a5279de0,incremental-30,remote-54a7cdd3-eb9c-4713-8d2f-21f4a5279de0-incremental-30,253,250,True,True,True
增量主节点（node01）,54a7cdd3-eb9c-4713-8d2f-21f4a5279de0,incremental-31,remote-54a7cdd3-eb9c-4713-8d2f-21f4a5279de0-incremental-31,241,240,True,True,True
增量主节点（node01）,54a7cdd3-eb9c-4713-8d2f-21f4a5279de0,incremental-32,remote-54a7cdd3-eb9c-4713-8d2f-21f4a5279de0-incremental-32,179,179,True,True,True
增量主节点（node01）,54a7cdd3-eb9c-4713-8d2f-21f4a5279de0,incremental-33,remote-54a7cdd3-eb9c-4713-8d2f-21f4a5279de0-incremental-33,260,259,True,True,True
增量主节点（node01）,54a7cdd3-eb9c-4713-8d2f-21f4a5279de0,incremental-34,remote-54a7cdd3-eb9c-4713-8d2f-21f4a5279de0-incremental-34,304,304,True,True,True
增量主节点（node01）,54a7cdd3-eb9c-4713-8d2f-21f4a5279de0,incremental-35,remote-54a7cdd3-eb9c-4713-8d2f-21f4a5279de0-incremental-35,210,208,True,True,True
增量主节点（node01）,54a7cdd3-eb9c-4713-8d2f-21f4a5279de0,incremental-36,remote-54a7cdd3-eb9c-4713-8d2f-21f4a5279de0-incremental-36,275,275,True,True,True
增量主节点（node01）,54a7cdd3-eb9c-4713-8d2f-21f4a5279de0,incremental-37,remote-54a7cdd3-eb9c-4713-8d2f-21f4a5279de0-incremental-37,260,259,True,True,True
增量主节点（node01）,54a7cdd3-eb9c-4713-8d2f-21f4a5279de0,incremental-38,remote-54a7cdd3-eb9c-4713-8d2f-21f4a5279de0-incremental-38,143,143,True,True,True
增量主节点（node01）,54a7cdd3-eb9c-4713-8d2f-21f4a5279de0,incremental-39,remote-54a7cdd3-eb9c-4713-8d2f-21f4a5279de0-incremental-39,211,210,True,True,True
增量主节点（node01）,54a7cdd3-eb9c-4713-8d2f-21f4a5279de0,incremental-4,remote-54a7cdd3-eb9c-4713-8d2f-21f4a5279de0-incremental-4,355,354,True,True,True
增量主节点（node01）,54a7cdd3-eb9c-4713-8d2f-21f4a5279de0,incremental-40,remote-54a7cdd3-eb9c-4713-8d2f-21f4a5279de0-incremental-40,218,218,True,True,True
增量主节点（node01）,54a7cdd3-eb9c-4713-8d2f-21f4a5279de0,incremental-41,remote-54a7cdd3-eb9c-4713-8d2f-21f4a5279de0-incremental-41,247,247,True,True,True
增量主节点（node01）,54a7cdd3-eb9c-4713-8d2f-21f4a5279de0,incremental-42,remote-54a7cdd3-eb9c-4713-8d2f-21f4a5279de0-incremental-42,370,368,True,True,True
增量主节点（node01）,54a7cdd3-eb9c-4713-8d2f-21f4a5279de0,incremental-43,remote-54a7cdd3-eb9c-4713-8d2f-21f4a5279de0-incremental-43,231,230,True,True,True
增量主节点（node01）,54a7cdd3-eb9c-4713-8d2f-21f4a5279de0,incremental-44,remote-54a7cdd3-eb9c-4713-8d2f-21f4a5279de0-incremental-44,206,205,True,True,True
增量主节点（node01）,54a7cdd3-eb9c-4713-8d2f-21f4a5279de0,incremental-45,remote-54a7cdd3-eb9c-4713-8d2f-21f4a5279de0-incremental-45,240,240,True,True,True
增量主节点（node01）,54a7cdd3-eb9c-4713-8d2f-21f4a5279de0,incremental-46,remote-54a7cdd3-eb9c-4713-8d2f-21f4a5279de0-incremental-46,0,0,False,False,
增量主节点（node01）,54a7cdd3-eb9c-4713-8d2f-21f4a5279de0,incremental-47,remote-54a7cdd3-eb9c-4713-8d2f-21f4a5279de0-incremental-47,298,296,True,True,True
增量主节点（node01）,54a7cdd3-eb9c-4713-8d2f-21f4a5279de0,incremental-48,remote-54a7cdd3-eb9c-4713-8d2f-21f4a5279de0-incremental-48,213,213,True,True,True
增量主节点（node01）,54a7cdd3-eb9c-4713-8d2f-21f4a5279de0,incremental-49,remote-54a7cdd3-eb9c-4713-8d2f-21f4a5279de0-incremental-49,180,180,True,True,True
增量主节点（node01）,54a7cdd3-eb9c-4713-8d2f-21f4a5279de0,incremental-5,remote-54a7cdd3-eb9c-4713-8d2f-21f4a5279de0-incremental-5,270,270,True,True,True
增量主节点（node01）,54a7cdd3-eb9c-4713-8d2f-21f4a5279de0,incremental-50,remote-54a7cdd3-eb9c-4713-8d2f-21f4a5279de0-incremental-50,332,332,True,True,True
增量主节点（node01）,54a7cdd3-eb9c-4713-8d2f-21f4a5279de0,incremental-51,remote-54a7cdd3-eb9c-4713-8d2f-21f4a5279de0-incremental-51,0,0,False,False,
增量主节点（node01）,54a7cdd3-eb9c-4713-8d2f-21f4a5279de0,incremental-6,remote-54a7cdd3-eb9c-4713-8d2f-21f4a5279de0-incremental-6,263,263,True,True,True
增量主节点（node01）,54a7cdd3-eb9c-4713-8d2f-21f4a5279de0,incremental-7,remote-54a7cdd3-eb9c-4713-8d2f-21f4a5279de0-incremental-7,275,275,True,True,True
增量主节点（node01）,54a7cdd3-eb9c-4713-8d2f-21f4a5279de0,incremental-8,remote-54a7cdd3-eb9c-4713-8d2f-21f4a5279de0-incremental-8,234,233,True,True,True
增量主节点（node01）,54a7cdd3-eb9c-4713-8d2f-21f4a5279de0,incremental-9,remote-54a7cdd3-eb9c-4713-8d2f-21f4a5279de0-incremental-9,256,256,True,True,True
本地增量 worker,,qy-newcrawler-fresh-worker-incremental-1,qy-newcrawler-fresh-worker-incremental-1,0,0,False,False,True
本地增量 worker,,qy-newcrawler-fresh-worker-incremental-10,qy-newcrawler-fresh-worker-incremental-10,0,0,False,False,True
本地增量 worker,,qy-newcrawler-fresh-worker-incremental-11,qy-newcrawler-fresh-worker-incremental-11,0,0,False,False,True
本地增量 worker,,qy-newcrawler-fresh-worker-incremental-12,qy-newcrawler-fresh-worker-incremental-12,0,0,False,False,True
本地增量 worker,,qy-newcrawler-fresh-worker-incremental-13,qy-newcrawler-fresh-worker-incremental-13,0,0,False,False,True
本地增量 worker,,qy-newcrawler-fresh-worker-incremental-14,qy-newcrawler-fresh-worker-incremental-14,0,0,False,False,True
本地增量 worker,,qy-newcrawler-fresh-worker-incremental-15,qy-newcrawler-fresh-worker-incremental-15,0,0,False,False,True
本地增量 worker,,qy-newcrawler-fresh-worker-incremental-16,qy-newcrawler-fresh-worker-incremental-16,0,0,False,False,True
本地增量 worker,,qy-newcrawler-fresh-worker-incremental-17,qy-newcrawler-fresh-worker-incremental-17,0,0,False,False,True
本地增量 worker,,qy-newcrawler-fresh-worker-incremental-18,qy-newcrawler-fresh-worker-incremental-18,0,0,False,False,True
本地增量 worker,,qy-newcrawler-fresh-worker-incremental-19,qy-newcrawler-fresh-worker-incremental-19,0,0,False,False,True
本地增量 worker,,qy-newcrawler-fresh-worker-incremental-2,qy-newcrawler-fresh-worker-incremental-2,0,0,False,False,True
本地增量 worker,,qy-newcrawler-fresh-worker-incremental-20,qy-newcrawler-fresh-worker-incremental-20,0,0,False,False,True
本地增量 worker,,qy-newcrawler-fresh-worker-incremental-3,qy-newcrawler-fresh-worker-incremental-3,0,0,False,False,True
本地增量 worker,,qy-newcrawler-fresh-worker-incremental-4,qy-newcrawler-fresh-worker-incremental-4,0,0,False,False,True
本地增量 worker,,qy-newcrawler-fresh-worker-incremental-5,qy-newcrawler-fresh-worker-incremental-5,0,0,False,False,True
本地增量 worker,,qy-newcrawler-fresh-worker-incremental-6,qy-newcrawler-fresh-worker-incremental-6,0,0,False,False,True
本地增量 worker,,qy-newcrawler-fresh-worker-incremental-7,qy-newcrawler-fresh-worker-incremental-7,0,0,False,False,True
本地增量 worker,,qy-newcrawler-fresh-worker-incremental-8,qy-newcrawler-fresh-worker-incremental-8,0,0,False,False,True
本地增量 worker,,qy-newcrawler-fresh-worker-incremental-9,qy-newcrawler-fresh-worker-incremental-9,0,0,False,False,True
