node,node_id,worker_slot,before_completed,before_per_minute,after_completed,after_per_minute
node01,54a7cdd3-eb9c-4713-8d2f-21f4a5279de0,incremental-3,45,1.500,91,3.033
node01,54a7cdd3-eb9c-4713-8d2f-21f4a5279de0,incremental-4,105,3.500,97,3.233
node01,54a7cdd3-eb9c-4713-8d2f-21f4a5279de0,incremental-5,109,3.633,69,2.300
node01,54a7cdd3-eb9c-4713-8d2f-21f4a5279de0,incremental-6,115,3.833,98,3.267
node01,54a7cdd3-eb9c-4713-8d2f-21f4a5279de0,incremental-7,115,3.833,87,2.900
node01,54a7cdd3-eb9c-4713-8d2f-21f4a5279de0,incremental-8,97,3.233,82,2.733
node01,54a7cdd3-eb9c-4713-8d2f-21f4a5279de0,incremental-9,100,3.333,82,2.733
node01,54a7cdd3-eb9c-4713-8d2f-21f4a5279de0,incremental-10,23,0.767,98,3.267
node01,54a7cdd3-eb9c-4713-8d2f-21f4a5279de0,incremental-11,50,1.667,64,2.133
node01,54a7cdd3-eb9c-4713-8d2f-21f4a5279de0,incremental-12,102,3.400,94,3.133
node01,54a7cdd3-eb9c-4713-8d2f-21f4a5279de0,incremental-13,106,3.533,70,2.333
node01,54a7cdd3-eb9c-4713-8d2f-21f4a5279de0,incremental-14,81,2.700,89,2.967
node01,54a7cdd3-eb9c-4713-8d2f-21f4a5279de0,incremental-15,64,2.133,104,3.467
node01,54a7cdd3-eb9c-4713-8d2f-21f4a5279de0,incremental-16,116,3.867,101,3.367
node01,54a7cdd3-eb9c-4713-8d2f-21f4a5279de0,incremental-17,87,2.900,87,2.900
node01,54a7cdd3-eb9c-4713-8d2f-21f4a5279de0,incremental-18,110,3.667,102,3.400
node01,54a7cdd3-eb9c-4713-8d2f-21f4a5279de0,incremental-19,32,1.067,91,3.033
node01,54a7cdd3-eb9c-4713-8d2f-21f4a5279de0,incremental-20,20,0.667,84,2.800
node01,54a7cdd3-eb9c-4713-8d2f-21f4a5279de0,incremental-21,116,3.867,64,2.133
node01,54a7cdd3-eb9c-4713-8d2f-21f4a5279de0,incremental-22,113,3.767,96,3.200
node01,54a7cdd3-eb9c-4713-8d2f-21f4a5279de0,incremental-23,100,3.333,105,3.500
node01,54a7cdd3-eb9c-4713-8d2f-21f4a5279de0,incremental-24,107,3.567,101,3.367
node01,54a7cdd3-eb9c-4713-8d2f-21f4a5279de0,incremental-25,65,2.167,105,3.500
node01,54a7cdd3-eb9c-4713-8d2f-21f4a5279de0,incremental-26,100,3.333,88,2.933
node01,54a7cdd3-eb9c-4713-8d2f-21f4a5279de0,incremental-27,18,0.600,102,3.400
node01,54a7cdd3-eb9c-4713-8d2f-21f4a5279de0,incremental-28,118,3.933,95,3.167
node01,54a7cdd3-eb9c-4713-8d2f-21f4a5279de0,incremental-29,22,0.733,108,3.600
node01,54a7cdd3-eb9c-4713-8d2f-21f4a5279de0,incremental-30,98,3.267,70,2.333
node01,54a7cdd3-eb9c-4713-8d2f-21f4a5279de0,incremental-31,107,3.567,103,3.433
node01,54a7cdd3-eb9c-4713-8d2f-21f4a5279de0,incremental-32,78,2.600,109,3.633
node01,54a7cdd3-eb9c-4713-8d2f-21f4a5279de0,incremental-33,103,3.433,78,2.600
node01,54a7cdd3-eb9c-4713-8d2f-21f4a5279de0,incremental-34,103,3.433,100,3.333
node01,54a7cdd3-eb9c-4713-8d2f-21f4a5279de0,incremental-35,105,3.500,106,3.533
node01,54a7cdd3-eb9c-4713-8d2f-21f4a5279de0,incremental-36,34,1.133,97,3.233
node01,54a7cdd3-eb9c-4713-8d2f-21f4a5279de0,incremental-37,56,1.867,101,3.367
node01,54a7cdd3-eb9c-4713-8d2f-21f4a5279de0,incremental-38,84,2.800,102,3.400
node01,54a7cdd3-eb9c-4713-8d2f-21f4a5279de0,incremental-39,107,3.567,96,3.200
node01,54a7cdd3-eb9c-4713-8d2f-21f4a5279de0,incremental-40,72,2.400,84,2.800
node01,54a7cdd3-eb9c-4713-8d2f-21f4a5279de0,incremental-41,60,2.000,72,2.400
node01,54a7cdd3-eb9c-4713-8d2f-21f4a5279de0,incremental-42,101,3.367,106,3.533
node01,54a7cdd3-eb9c-4713-8d2f-21f4a5279de0,incremental-43,114,3.800,110,3.667
node01,54a7cdd3-eb9c-4713-8d2f-21f4a5279de0,incremental-44,88,2.933,91,3.033
node01,54a7cdd3-eb9c-4713-8d2f-21f4a5279de0,incremental-45,55,1.833,88,2.933
node01,54a7cdd3-eb9c-4713-8d2f-21f4a5279de0,incremental-47,107,3.567,96,3.200
node01,54a7cdd3-eb9c-4713-8d2f-21f4a5279de0,incremental-48,105,3.500,89,2.967
node01,54a7cdd3-eb9c-4713-8d2f-21f4a5279de0,incremental-49,105,3.500,93,3.100
node01,54a7cdd3-eb9c-4713-8d2f-21f4a5279de0,incremental-50,108,3.600,105,3.500
node02,0e108078-200a-4df0-9a58-a28abc97a692,incremental-1,110,3.667,106,3.533
node02,0e108078-200a-4df0-9a58-a28abc97a692,incremental-2,62,2.067,123,4.100
node02,0e108078-200a-4df0-9a58-a28abc97a692,incremental-3,91,3.033,131,4.367
node02,0e108078-200a-4df0-9a58-a28abc97a692,incremental-4,120,4.000,116,3.867
node02,0e108078-200a-4df0-9a58-a28abc97a692,incremental-6,65,2.167,115,3.833
node02,0e108078-200a-4df0-9a58-a28abc97a692,incremental-7,115,3.833,105,3.500
node02,0e108078-200a-4df0-9a58-a28abc97a692,incremental-8,106,3.533,113,3.767
node02,0e108078-200a-4df0-9a58-a28abc97a692,incremental-9,119,3.967,90,3.000
