channel_id,title,contents,likes_policy_zero,description_empty,subscriber_count,total_view_count,total_video_count,video_views,video_likes,video_comments,channel_issues,video_issues
UC-4u0GfRUv5_jhmr6os2ECw,Tudo Sobre Pós-Graduação,3,0,0,1410,193922,178,135,9,0,0,0
UC-SoGEMApQorelX1GIDJlpA,Bruno Corano,29,0,0,126000,8416084,1954,76304,4930,273,0,0
UC-cWjErNAZPXg9W4pnaZMpA,O xent1,30,0,5,5590,939466,1651,19247,994,27,0,0
UC-mK7LtC6mp2DdJJaVucFPA,CONEXÃO DA RODAGEM,28,0,0,32400,6269803,188,182547,10166,339,0,0
UC-qQ3iSgF1pj2Yp-JvftvHA,"Doce, Sal e Etc - LORI FONSECA",7,0,0,1270000,87501579,1036,12072,1462,114,0,0
UC-zQLUAfHc4nqefmcl2LIKQ,Sixs,9,0,0,50000,5371198,545,52934,3145,397,0,0
UC-zgQq7wys1VMOsuCojiHag,Fábio Loja,24,0,0,5990,2954111,471,32989,236,3,0,0
UC0Ec9FXyo1aKH9OEPyQ0OOg,Markus Art - 3D Modeling for Games,28,5,18,8170,480576,236,26737,1190,88,0,0
UC0IQq2oi4rh0IeSgpydzQvw,ObjetivoOficial,27,0,0,18300,89657610,1186,8933796,136,0,0,0
UC0QHzTNeFL7QmqD4futUQZQ,Sara Rodrigues,30,0,30,277000,102693451,5530,504766,16789,1822,0,0
UC0SiM5adXd94ntSeblQ5Izg,Felipe Barchi,8,0,0,5630,547583,365,759,20,9,0,0
UC0iy5-Wne9W2ZHbZCKzLm3Q,Sergio ASMR,1,0,1,1700,68636,31,927,106,20,0,0
UC1DA0RNe8GDgrtxxtiJx9uQ,Fabricia Queiroz Confeitaria,30,0,30,22700,3585879,245,240821,9919,920,0,0
UC1buoupsUGMber8bgpC_7mg,BemnaBIO,27,0,0,6200,276158,495,1225,134,18,0,0
UC1puCwUDirYqKN-O3MpYe7Q,Censuradas !,3,0,0,190000,29006344,723,839,33,1,0,0
UC22UAROYa_93fYJz2kkTVZw,Nathi BLOGS,11,0,11,56000,14113264,527,258815,21445,1257,0,0
UC2A3ms_WaRBRwjh4pltENHg,BK NA CENA,25,0,0,25300,6977500,103,256723,6677,904,0,0
UC2AjjZ0k-Rba8fiuwpz1R2Q,JUANRIBE PAGLIARIN,30,0,3,839000,80049888,1944,236061,15403,1018,0,0
UC2FLKWRbH1z14OH7jKWNNsQ,Henry Gonçalves,13,0,0,418000,63808984,447,720080,44475,1735,0,0
UC2IVL1J2kc8Ev0YB3S4Q-yg,Segredos do DNA Verde,2,0,0,13700,964855,16,418,34,10,0,0
UC2NNaOtNlT-rkm1Mf6xxRfw,TV UFPB,8,0,5,33300,3978971,3191,2075,64,0,0,0
UC2Q8dOuCbqXyFSjr-cdi4tg,SIMONI RAMOS RECEITAS,30,0,0,333000,51655223,1231,554234,42106,1691,0,0
UC375xlcAVvFcVJqCMr9rVMA,Mines lucas moz,30,0,3,37800,3546077,443,233903,32005,3231,0,0
UC3KNwMttOriF39VubgxhcjA,B-DYNAMITZE OFFICIAL,14,0,14,373000,118266505,296,10729,573,75,0,0
UC3MLH9Ai2P5wC7fiGIWBu1A,Núcleo de Estudos da Violência,2,0,1,8430,349461,300,120,18,0,0,0
UC3SCNqzMHIRAHwC1FU3Higw,Pedro Aventura,30,0,30,99800,32166552,2311,30337,450,5,0,0
UC3SGk_3HL9glhbrlJjHTD1Q,Nipponflexoficial,16,0,7,43400,2301957,204,10810,525,0,0,0
UC3bwXp8SU6EqK3Bb6tYKbhQ,INSCRITOS MILIONÁRIOS,30,1,16,63500,2242545,937,72584,4538,452,0,0
UC439Z2B4IQAWaIdaPLX7VsQ,Cortes do Vinicin [OFICIAL],30,0,0,138000,36256786,2707,404369,16792,1249,0,0
UC4H35F5f2c5cyR-pbZlt12Q,Tiago Salem,1,0,1,18100,337254,27,3227,118,36,0,0
UC4MJsxAdWoPg3LJ5jdIsCxw,RONALDO SIMULATOR,30,0,0,74400,14865922,2201,342586,11002,1301,0,0
UC4P5O9dt8f59roThO_w_xcQ,Seu Dinheiro,30,0,0,152000,26609197,4318,89552,2619,75,0,0
UC4zKg0kZriNMBdmFkH6UBDQ,Bestway Brazil,22,0,0,4530,6515573,218,15241,68,3,0,0
UC51QCoedCnAVET-glV-qEWg,Cantarino Brasileiro,20,0,12,1900,224138,607,1067,16,0,0,0
UC5Z25SgK6NM81PoWTXXS_2g,Débora Miranda Oficial,30,0,16,128000,23391183,920,300493,13204,823,0,0
UC5aTCMG1U-XyVUK6AwrEhzg,Yago Stephano,30,0,15,1500000,820517525,945,6790818,633564,13003,0,0
UC5k3iFD00mK-D_fUn3BLTdQ,BRYAN BOLOLÔ,30,0,25,1670000,272516597,758,18950912,472670,5148,0,0
UC5o594RO6bknG9VS6mmz5_A,Biohackers Podcast Brasil,30,0,0,7230,448548,170,104799,432,18,0,0
UC5s7RQ1KUUvDZnWY_ep0ppA,Davi Vieira,29,0,25,160000,21099346,2714,80763,5133,391,0,0
UC5t-N9nMtzUZjRXA__PDdZQ,Previdenciário na Prática,15,0,1,6350,2102162,295,7317,247,6,0,0
UC66Je1MOl9Gg2bzokOSv0mg,MitoAbdalla,30,0,5,84300,15138126,1360,177199,7960,512,0,0
UC6WoLs32qDLKRJoLg5RJMug,Pigor,30,0,0,77400,18073651,2112,91604,6542,396,0,0
UC6oJ5ogKhNlP4EXbtNT64Hw,Canal da ABPBE,30,0,7,6280,106605,123,4824,397,20,0,0
UC73iRP94nnZ5C3SE8zrBQaQ,BetinGamer,17,0,0,571000,74185795,969,515035,39591,1112,0,0
UC77nKZn-fpGK_b1kDNhpR3A,Cadú Tips - Apostas Esportivas,13,0,0,15000,1440779,1011,46480,2306,372,0,0
UC7CJeGEjYBCa8-rHmEV3buw,Eduardo Bradley,7,0,0,1850,1307429,175,3394,45,9,0,0
UC7S0ecaG00LHwuLDmAVmFog,VICTOR ASMR38,30,0,15,26600,5010157,2722,49805,2739,290,0,0
UC7_-9aQRzLpw-14jX8XtKdQ,SBBC Sociedade Brasileira de Biologia Celular,1,0,0,1520,32552,66,97,20,0,0,0
UC81ICSAA9aeezkmhfk9oNCg,Sociedade Brasileira de Engenharia Biomédica,1,0,0,1320,20663,73,78,13,0,0,0
UC82slOQdEP3dy9fL-fIo9sQ,Daniel Morais,27,0,0,146000,20035579,349,1074720,74539,2923,0,0
UC8F4-AAuORrK5s9WL57Dq2w,site GONG,4,0,0,9380,1216663,1731,189,29,1,0,0
UC8fiSYB7EWOBoeD6oN-ZyTg,Igreja Deus é Amor Oficial Brasília-DF,30,0,0,55200,5786121,3133,33991,2754,85,0,0
UC8tZPt9e-FOxqkTgOAPri4g,Luana Lumertz,30,0,1,381000,43339393,897,25165,1031,85,0,0
UC94I6wElPnMizWb8f62MW1g,CCGL - Leite de Verdade,13,0,0,329000,78194446,239,3079212,2447,41,0,0
UC9FU_D517zcLEDAgYaL3LoA,Círculo Ltda,30,0,6,797000,61109091,2419,106545,5012,225,0,0
UC9NrNFdAY6YcqC4Yyf0GwDQ,MORGANA,6,0,0,25800,5439800,15,36545,877,67,0,0
UC9RawxhdwOYbAlIVYsdbDuw,Fala com a Dri,30,0,0,4120,1140054,361,29232,974,64,0,0
UC9S_iwNG74_wvDh1sK3wl1w,Dra. Andreia Antoniolli,19,0,0,22500,865704,396,3316,307,34,0,0
UC9mUMmZ8VIHDaekBY5A3jFw,Débora Benites,8,0,8,71800,12324524,567,141384,6714,100,0,0
UC9oal4t9Tb4kJlLWtovcMiQ,Mente Pensante - Conhecimento é poder,24,0,1,8930,1100720,122,21064,249,11,0,0
UC9qIRThvNLJ2Qa_KeAIcT8A,Canal Rede PT,29,2,0,4780,320917,2345,4004,229,6,0,0
UCA3qjjFGp4szqYoA0VixAdQ,WN TUTORIAIS,30,0,0,43100,11629670,4523,2017,14,4,0,0
UCAcuWLj8LAJH-imhnyus5lg,Fer,30,0,8,876000,130051149,482,1631086,55925,2683,0,0
UCAghcOHuf5M8qfBELdVme0Q,Um Investidor Qualquer,24,0,1,23600,2082083,1072,4714,107,10,0,0
UCAleh_WPD0NMpjRpl3NbHuQ,Prefeitura Marabá,29,0,8,11500,1318964,362,225364,3771,57,0,0
UCAxRNrkZhLMY0cRPxD2FBVQ,Wanderson Tenório,1,0,0,3690,418919,362,35,5,1,0,0
UCB6DNVmZ8w9l6-WXj7yd0Lg,Canal 1900,16,0,7,603000,171874101,17198,11644,410,71,0,0
UCB8YldagLkw7jH5YJTc5-1A,Taty Mendes - Confeitaria,3,0,0,2130,867075,133,1012,12,2,0,0
UCBOpyIyIHWn7T-MvrIhCCiQ,ONLY GAINS,1,0,1,2230,193125,104,101,14,3,0,0
UCBcE1MdxXGXDvNa6KdGW3YA,PLANTAS PESCARIA & VIOLÃO,9,0,0,5460,503399,39,2014,70,1,0,0
UCBcW5vYmoInT-2TIc5d6wPg,Efeitos Visuais Brasil,7,0,0,4430,415787,409,2674,109,13,0,0
UCBjWe3ZR80aeDJTPxu74bxg,Carol Reis,11,0,0,45700,5991513,1270,40319,1621,105,0,0
UCCR0YRsEA0yGQrYeCHe8HEw,Henrique Melo Marketing,10,0,0,5940,336230,118,5062,250,50,0,0
UCCcEFT428BfhG5yUooTEt7A,catiane canal tudo junto e misturado,1,0,1,4500,1131861,202,13,0,0,0,0
UCCei6wqpDKXciAu7f2I4_Vw,Byrosane De Col,16,0,13,63500,3019108,379,23386,965,43,0,0
UCCtvUbuT9mF3DjQWTZJKlEA,Bioexatas Detona,14,0,0,17600,2158005,722,1224,174,29,0,0
UCCyZwnCDopZKjz-DuX4_w5g,perso,30,0,0,47900,5294693,354,549053,21137,1248,0,0
UCDHD1gOHIGQM6XAu4kmWpXQ,Dicas e Delícias da Mary,30,0,0,17200,2087799,1229,16525,2008,1353,0,0
UCDMQEkNgfB8dJ4QF8bN0L0A,Senna Trader,29,2,0,10400,621069,846,10253,579,103,0,0
UCDXeUgg7FEGZpFjpN_1Ykag,Danuki,3,0,0,105000,7965185,155,30923,2094,137,0,0
UCDu5lhCKNVAOEJLMLXKWBUw,Adventistas São Caetano do Sul - SP,28,0,0,11900,1250361,3352,11851,618,12,0,0
UCETuCjgnv27mOj1DzfVWRxQ,Cargolift Logística S.A,1,0,0,1690,387903,157,83,8,2,0,0
UCEe2oN2rSis07sgZ5tJWPxQ,Revista AnaMaria,30,0,0,60900,7441984,1889,23819,81,4,0,0
UCEoSANmneNddweVvUghnfpQ,Bitcoinheiros,6,0,0,120000,5337896,993,44616,3537,676,0,0
UCEpBOMCNd4rn86J3r3dX7FA,"Loja Ciranda | Brinquedos, livros, presentes",30,0,30,2570,1053699,672,8420,74,2,0,0
UCF6teIkFor0Atu5sE30QPBw,LEOFRAN1000,30,0,0,27600,3564272,785,18633,533,167,0,0
UCFBI7zLezg4oOB97zHQcp-w,Alan Benites,2,0,0,38400,719553,211,379,11,14,0,0
UCFYaNsCQ0gHiyc0mLOGbiEA,Doutor Kefir,11,0,0,24000,154241,87,8424,1169,79,0,0
UCFkJbZ01XlAWMcdNxeJxVbg,TUTORIAL COMPLETO,30,0,2,10500,1177098,392,2302,27,7,0,0
UCFxff2bHvH0Tq4lAOKHevGQ,Bispo Bruno Leonardo SM,30,0,0,1670000,120137979,1602,438764,59393,27101,0,0
UCG7Srj5L_fqJjJ3BdYjgf8A,Matheus Araújo,1,0,1,64800,17361175,705,9096,187,2,0,0
UCG8uu5eRqeSvLxmGflmJdMw,IVEPESP,7,0,0,9110,3637250,1849,159,4,0,0,0
UCGWppEE6HXYkT0umo274XxA,Mozuka,30,0,7,328000,18453064,5941,23886,603,32,0,0
UCGXJctnOERFLvxiMb-jF6oQ,DETONA FUNK,30,0,21,7310000,1945728328,9359,256746,7801,126,0,0
UCGeMfYbtceZi7nW7jEyxQrQ,Jovens na Bolsa | Caroline Francisco,15,0,9,340000,21851921,1139,68497,3272,219,0,0
UCH3wQn6WcflAey2AFlPphOQ,Hugo Mattos BMX,30,0,25,313000,169336543,483,1893212,50660,586,0,0
UCHJ58Ej2seTs3W3aeYXAwBg,Café com Mayara,6,0,0,1430,370062,73,7695,199,17,0,0
UCHNtZs7TUcYaqvgZpfx11cg,Adam Mitch,11,0,9,964000,412819563,531,2694610,264069,4304,0,0
UCHcc7x2Gn3OhDNuwPTyJ4_A,João Diorícko,1,0,0,23600,3062491,189,7204,228,6,0,0
UCHgoElI7ZuE8lr3g8D3x5yA,Profissão Biotec,4,0,0,6370,284449,221,141,21,1,0,0
UCIECXsMft_86HZwmomsgQTQ,Diesels,30,0,12,183000,8679213,2889,90952,2059,73,0,0
UCIlhUgrGEcQ_AhudFUqkItQ,SE LIGA AQUII,13,0,13,446000,140814044,618,2012274,134349,2731,0,0
UCJ3ZIbFyQx6ycTrH_wNLg5w,Bianca Fernandes,30,0,29,381000,202894484,1287,2925542,268742,3073,0,0
UCJ8A6N9UFaf04Uxf6rLXmPA,On the Road,26,0,12,113000,16131107,798,384693,15574,1146,0,0
UCJDUz4rqMgW46Oiy_hTyUUA,Robson Sugui,30,0,16,2180,2114718,963,3818,498,9,0,0
UCJmo4dHKOA84FAUt9_oiVVA,Guilherme Emanoel,11,0,0,36500,1624821,75,290291,15287,1145,0,0
UCK81Fr8TPbdsnpE_dImEPVg,Eu Quero Investir,24,0,0,203000,9653259,1517,6028,214,13,0,0
UCKAGnRVOfZ8YDwgF-bnacmQ,Nuttyy,30,0,29,282000,90004292,414,5702750,279898,37426,0,0
UCKlEZw3nlsPVExW1zdPjikg,IFBB Brasil,1,0,1,6130,1004808,138,10531,115,1,0,0
UCKm2RmbpNOhK1e6xUHrrQUA,Jessika Germano,24,24,24,14000,3866500,859,31723,0,62,0,0
UCKpILeqQ5hIMgXw2TiRw8aw,Luciano 58 Galdino,7,0,0,11400,1742025,641,6777,651,97,0,0
UCKsr0Kzlksez1qjpYMC_8nQ,Prefeitura Municipal Itinga - MG,1,0,0,2700,148557,171,1135,24,0,0,0
UCL7Bgplfmp-9hF1ghndgxng,Maya Massafera,30,0,0,8000000,77432619,1876,156590,5264,213,0,0
UCLRKwsLDBfeSPDeGY_MeOmg,Luciana Angarten,29,0,10,445000,28667677,837,56491,3221,141,0,0
UCLV-PpN0Kn9wtKI35hX59gA,Adailton SAntos,4,0,1,11600,877298,327,10403,633,79,0,0
UCLZlSM0JlgCi1_-2eteV7iQ,The Path of the Unknown,16,0,0,8720,880861,62,229650,9082,648,0,0
UCLcjSlcRLflthFcnxfaarNw,Sandra Tudo Junto e Misturado,16,0,16,251000,23550072,1508,3602,196,7,0,0
UCLl23ctAnvCe5AvzraHtKAw,Turno BGames,12,0,11,23700,4658269,873,33369,2316,82,0,0
UCLodZ15cpCoNmGjlBPRmeLw,Lucas BIGBOY,11,0,5,7370,1713508,1046,10363,81,3,0,0
UCLw_vy_PFx0Nkw1gnrggCNg,João Henrique Jhonny,28,0,8,7590,1056295,385,210232,6687,83,0,0
UCLzm2p73mf07KAyP9OO_r4A,Premier Crypto,30,0,0,9910,1258487,410,77356,5766,300,0,0
UCMCkaEYtoQbgd4HqTGmADyA,ALX Motors,5,0,0,7700,1418393,129,6094,159,17,0,0
UCMKIgy4wjZBvWaeW8wMAXTg,FREAK UREA,1,0,0,9960,14016562,2283,3,0,0,0,0
UCMUgN_-unyxDDhH095Y7u7Q,A VOZ do POVO Brasileiro,30,0,0,106000,2376575,37,1324655,183804,17332,0,0
UCMoaUzUUuLxubFslGloLCfg,Core 2,30,0,0,317000,30349007,338,2225947,192943,12344,0,0
UCMtqUJr3K7DrEtGveoipqkQ,MC Pipokinha,30,0,1,285000,104846614,874,119724,4411,260,0,0
UCNEBcKODDU-lILNuUDt3gbA,BMX 77,3,0,0,52900,4116806,229,3145,92,11,0,0
UCNXf7QqzA6k6RU8QIcFLkag,Daniel & Dimy,7,0,0,1560000,454625320,139,13960637,394078,2951,0,0
UCNaLkgsbLdBS6fReDZm_nWQ,Brasil Zueiro,2,2,2,18800,14487677,89,519864,0,140,0,0
UCNdmMv0UNG470K6YHYznwKA,BMW Brasil,30,0,0,13400,73978240,350,4102219,3159,26,0,0
UCNmkiszkH3TDkwzYdcv_yOA,Cristina Gomes,4,0,4,117000,28580789,281,14061,552,13,0,0
UCOYQPkWPEk7QPBfCnSKOXkw,KARINA UZÊDA,2,0,0,164000,6889551,131,12552,1040,64,0,0
UCOcnJ5lOAitvziiGRhNH-6w,Boletim INSS,30,0,0,127000,16822679,5216,15182,626,55,0,0
UCOg6CW-xF37zMklY5Gojbcw,Vivi Winkler,30,0,27,1730000,698168849,5484,1000531,34483,767,0,0
UCOjzpMNHdhNJy2wxghrf2mQ,Wuizard,30,0,0,429000,93293808,1928,734559,27238,1515,0,0
UCOkv4fjuE0VKilXfwiWUneA,Biscuit Da Lary,2,0,1,12600,617031,137,471,76,3,0,0
UCOo6nRzUzmaKZ_mwK94MfIg,DCVídeos,30,0,0,162000,45703005,2065,61390,1374,99,0,0
UCOsYLwAWJoTE09U3af_ZX-A,Pierre Marinho Biscuit,3,0,2,81900,6688136,731,1938,176,19,0,0
UCP8GsdpqoorBmNyypx56Uvg,K1NG,30,0,1,344000,54012516,2068,807104,35564,1918,0,0
UCPFp7jueKNCahkITclnGLsg,Dani Delinski - Costura Criativa,11,0,7,577000,66530325,316,1246116,52832,868,0,0
UCPJ0kzyFqdgs-LqAjjzDPTg,tvtreba,30,0,1,23800,3236505,2580,7497,139,1,0,0
UCPJHprsFa_t5DAT6KJt16Cg,Arthur Paek,1,0,1,714000,169480433,104,2867725,89100,1648,0,0
UCPR2cIofOmDrhgcQjV91plw,Elas Empreendedoras por Karen Etoboer,6,0,0,6910,333375,85,828,59,34,0,0
UCPXpptSpw2ISORJxb1bi6iA,Adriana Amai,1,0,1,2020,76448,94,43,3,0,0,0
UCPnJRRZZ5tiD8AAmky_xzyA,Canal o Homem Da Roça,30,0,30,12700,2832781,2697,40069,1594,79,0,0
UCPqrrcB4DdoYSsvAfZ5uYEg,Renato Lucena Oficial,16,0,5,1180,117242,216,2544,66,10,0,0
UCQqqj_1mNn7DSGMsR7_BDcg,Mano LP,29,0,0,180000,53631481,2375,403084,19395,313,0,0
UCQxDnCnXOZrE1sjTGEuqNeQ,Ale Gitti,30,0,17,21000,1845247,237,266571,5818,250,0,0
UCR4diJKZAuS7gG2dOfOYK3Q,Yuji Pesca,30,0,27,476000,234171096,3456,245659,3498,275,0,0
UCReFagKZZzPFPQ1ZgGgKRBQ,Sonho em Quatro Rodas,12,0,0,7190,616575,239,114833,8425,603,0,0
UCRgLKG8XG0CJsCGYIc9J8KA,estsee,30,0,0,348000,76176105,678,161556,2549,660,0,0
UCSPZDR0WPFKGYpu8YxdWnaQ,Fabia Godoi,30,0,20,37600,23670049,1085,86721,2582,46,0,0
UCSnUoB_TXU2wmmxyATjfvMw,View of Rio de Janeiro,30,0,15,11300,2991692,1042,77797,1278,48,0,0
UCSorSSC65cU6v4F6m718B5Q,Paulo Invest,1,0,1,8470,323812,461,38,8,1,0,0
UCTwUnhyGP0m6l8wQX55e9Eg,Anda no Rio e Brasil,2,0,1,2370,872425,315,2401,24,0,0,0
UCU8MdO1QE_MPWvAfj741dqQ,MrJhont,30,0,4,111000,4674060,170,380188,15000,1859,0,0
UCUE8XRrOPP6z_g_lwfEHlpw,"CURSOS DE MERGULHO LIVRE, PESCA SUB, APNEIA, LOJA",2,0,0,38700,5103781,751,320,19,3,0,0
UCUNqZtpNfiQLQZ9PiY-pYMA,Treino Inteligente 2.0,2,0,0,1920,161396,231,226,11,3,0,0
UCUkyc-Gr9nsMwQrRCoPC1Fg,Super Biscuit,1,0,1,23500,2927624,405,5213,86,4,0,0
UCUrQ__GcRp8g6VXVglK3Ydw,Futebol Boss,30,0,0,135000,32037248,3474,121053,1845,44,0,0
UCUw1oyqtW7PpeEVmTorPEDw,Pod Acessar,30,0,0,12100,686884,866,31400,316,38,0,0
UCV8QKzUsl_VEEBilmW7eHPg,Biscuit da Zurc,4,0,4,47300,2323775,437,6527,275,12,0,0
UCV8zuWN8EWaz5iOt0S_qI5A,Se Torne Investidor com Wesley Martins,3,0,0,291000,16557519,582,567,21,4,0,0
UCVGEzIT-sJdWzkSzczN2usQ,Grupo de Dabke Yalla Shabab,1,0,0,2660,667385,415,1653,12,0,0,0
UCVYXbIvSSvrN1vHemGkmlRg,BIZ RX MOTORCYCLE ADVENTURE,1,0,0,9880,851405,112,7418,334,93,0,0
UCVnuLoXTXauz8-d9A7nnYdg,Caleen,21,0,1,119000,25470098,378,1459570,83861,3927,0,0
UCW0LtnmZLSLea_Ei4T9s8KA,Sua Imagem Sua Marca - Christie Giovannetti,28,0,2,10900,1337341,388,17473,828,2,0,0
UCW5-DXNq9QWhw-R-AieZgqw,Conecta Com ALY,30,0,10,7680,4091436,303,5634,110,5,0,0
UCWEuX1yiSY_LLoXeKZ27kKw,Método 12P,30,0,0,6290,431675,500,10171,206,12,0,0
UCWG2b3GNAIDx9KlpYn_WEJQ,Celebs Goat,26,0,0,76600,74060224,124,13560377,138931,2737,0,0
UCWVFCw3wdi41I7D7tP-7vQg,Hellena Cometti Costura,7,0,0,50000,2368732,506,12557,953,98,0,0
UCWcQLPOyDFoktezqsxxWLxg,CONFAP,30,0,1,1300,27284,139,2269,179,14,0,0
UCX3Y1r0_VdTia2ZR7lMOSUA,CozinhandoComNane,3,0,3,1340000,129917357,1214,5458,200,0,0,0
UCX_2ZJPyqJVpC4Tk7YOzw5Q,cbrasb,5,0,0,7420,1008940,202,23877,715,11,0,0
UCXnRa9FHrdet-dS3veX617A,Thais Braz,30,0,6,218000,37015386,227,5349957,448141,5919,0,0
UCXrSLrgAzfbdOp2-opAV1Lg,Blog do Kempes,30,0,18,49900,12197029,1707,264507,10866,573,0,0
UCY-NUmMAI9Mr05A3a4cmXLw,Sam's Club Brasil,3,0,0,23000,31190741,175,787,37,0,0,0
UCY4pxKSzxcYgDfgDZ_c2jTQ,THE VALENTIM,30,0,1,2720,891997,792,14830,572,26,0,0
UCYCRQ-ulnzV_kMR2RSr59HQ,Bobina Quente ®,4,4,4,1330,153225,81,5517,0,1,0,0
UCYF181ESO69Nt42W-Pksj-Q,Vagostelo,30,0,0,223000,237397963,339,15506030,1001445,15035,0,0
UCYPI_EGGQ1aNxXElruuyp8g,Declarando Bitcoin,30,0,0,31300,2281816,1357,55296,3281,241,0,0
UCYQQ_TCeDboXxuwz4sx5zWw,BlueStar Artes Artesanato & Confeitaria,30,0,0,67900,8658505,658,155174,4471,71,0,0
UCYykqOLJ-RwbtzZuBLWwweA,Daiane Bonfim,9,0,0,14000,774756,175,3562,331,97,0,0
UCZKQwTPyK4Mg6iLFxJ8MFxw,Luana Rachelle - Lua de Lua ateliê,3,0,0,28400,4143123,137,1129,127,8,0,0
UCZLcrrhta_llTrnrqQDWpAQ,Maternidade Sem Neura,30,0,22,1120,334898,305,12182,76,17,0,0
UCZN1nDUWDIgDsnQAq9qtG7w,Sloths,3,0,0,5410,3953725,548,6512,124,3,0,0
UCZbCARm3sig1x0Nxql6czNg,Dudoka tv,8,0,8,8220,1488327,52,50649,1033,71,0,0
UC_2_TYzQ9szZs-Ir9RxLV-w,Canal Mundo Bet,30,0,6,639000,64638400,1351,56511,3223,395,0,0
UC_UGCHSD3WGQYgbcQL0LltA,Cristina Bonita,30,0,21,7150,887396,2303,21502,298,31,0,0
UC_n2-RkfgGDjlNIESp6hZyw,Board Game Brasil,24,0,0,2730,258805,477,14308,1536,361,0,0
UCaJ8r_0nFEpVsl80YcvHIMg,Fubeca Race,21,0,0,423000,74946858,1245,49039,1007,72,0,0
UCaMm9Dk5Ns7qkU5RYmSVljw,VÍTOR PARRAGA,30,0,19,2500,752048,722,8265,110,10,0,0
UCaO7ifnSflN05oCRrBzhPwg,Juju Feijó,30,0,1,2160,1046286,470,36287,683,20,0,0
UCaOrYCMEEXFcaz07NNwUioA,Best of Base,25,0,0,9090,3621367,708,25875,1134,522,0,0
UCaUgDtaxBA_MdvZxVPZ2Mzw,Travel S/A,18,0,13,3070,750301,423,15496,459,9,0,0
UCac_dbs6aSgp7PeNfaGxHMg,(.Nex”),30,27,0,101000,15835008,608,3175541,58,3659,0,0
UCaeMxeDfasaHj_VV4Kho78g,Vinicio Antony - Performance e Treinamento,30,0,1,38400,4108963,440,103145,8777,314,0,0
UCavcZt2koKqnepGdmZ15wQA,Aulinhas da Paixão,17,0,7,207000,14809949,1180,27325,2460,183,0,0
UCbMr3R6Azb6GSvzoGvn2BCA,Bitnoob,29,0,10,75500,4820010,898,42134,2261,400,0,0
UCbRr_iNugU0bOtulkigy2Tg,Ateliê Juliana Nogueira,30,0,29,40100,3085648,230,603261,10209,283,0,1
UCbppt0ZNLBZ4_n2ZPzjx-Fg,Diego Borges,11,0,5,3600,290167,186,11486,170,39,0,0
UCbwjCVp5IcaqD1yRVR5Dc5A,+ZOOM TOQUE,4,0,0,1080,125238,94,262,8,2,0,0
UCc7E5OrQT6A0PlCnNT2oZuQ,ZackZin,11,0,0,60800,17924650,45,325982,12403,1437,0,0
UCc7x8VmyyO_JWduBjQ6_Lng,Alice Steffane,1,0,1,18700,7330702,92,2221,20,0,0,0
UCcAX3zoRS0Lz7NUEK_j0qpg,Esporte Total - Momentos Emocionantes,30,18,0,7580,2237428,3858,23965,601,130,0,0
UCcQDXY33Kv9VcUncVNXgEJg,Jota,30,0,0,87800,30362186,2806,151587,9144,890,0,0
UCcZV5VdahPHZqqCJxFrTClg,SÓ VA'AI,11,0,10,1930,205384,198,8989,117,1,0,0
UCcdF9elnCwVWPfyAxVfufbQ,Prefeitura de Parauapebas,30,0,0,5850,437774,2612,2386,48,0,0,0
UCcgC_Ej5xhoojRkT1ZFd5Hw,Silvana Receitas,2,0,0,35200,2803298,139,423,53,1,0,0
UCciQ4oIsex9PBEQnDNiqDPA,Fazendo Arte 10,18,0,0,405000,54569058,708,167576,8247,773,0,0
UCcpgEnBOqOuYlMKkZmNCubw,FIESC Oficial,21,0,0,16900,15099427,2351,2594005,181,8,0,0
UCd-kUP64KjGBuRdlAX_NFHA,Ofertinhas da mamãe e bebê,7,0,1,11000,5081295,435,3818,35,7,0,0
UCd2Mm6QKAMPQDyF9-kB2wLg,Ralph Almeida,8,0,1,33300,1421132,476,3528,168,31,0,0
UCd6zFhLfcoilM9wuc3IVqoA,Canal Fiq Sabendo Oficial,6,0,0,324000,60430181,2492,5391,623,91,0,0
UCdPaAnR8IhaI6GMg8niVDdA,MC Cortez,4,0,0,23200,14803314,83,119584,1899,79,0,0
UCdivlaP-Po_M-PCONCDOb4g,JOJO,30,0,0,134000,22720939,651,141077,3722,520,0,0
UCdyoo-gcTVh4efpseFP9bdg,Soares Auto Brasil,30,0,1,18400,7910271,688,35297,1032,136,0,0
UCe4-T4YXDyuYnoexpYvPtoQ,Planeta Nerd,11,0,0,136000,9834695,359,225838,5378,134,0,0
UCe9GDNHPf9mzHkAV5RsL-oQ,Comando Militar do Sul - Exército Brasileiro,11,0,0,39800,5235548,925,56790,2253,0,0,0
UCeA7zO7MPQ6TDsyov-aTTxg,Jeferson pajé,5,0,5,9820,3277607,1075,5944,128,3,0,0
UCesRjmf4v10kE4ZBAmNYZbA,DIY - Pop de Biscuit,1,0,0,32800,4065208,307,336,51,1,0,0
UCf75fg3VemQx9A_Z6FfoDRg,Abralin,10,0,0,46800,1801719,781,6814,573,16,0,0
UCfI4nNuPCV_qIjvHFOfwA1Q,Ligado na História em HQ,1,0,0,1530,69765,20,16,0,0,0,0
UCfej1BZifrCU0jsR3sAyoUQ,Queimei a Língua,30,0,23,154000,20867523,498,1155051,39580,413,0,0
UCfqxmx1LqTchW523dbuGkgA,TsukiUraya,7,0,0,1440000,95470453,193,716156,55154,2795,0,0
UCfwL8eL-1mRfV10a9aMNE3A,Nicoly lima,30,0,30,1440000,774505162,2005,568835,5989,641,0,0
UCfxw9X5zS53oicViU31I2mg,Narrador Gostosão,30,0,4,321000,29649559,819,83619,2905,222,0,0
UCg1NY0J7btoqaBureLv2g4g,entre3culturas,8,0,8,24600,2555568,310,29276,723,65,0,0
UCgHwO_-KO9lf8fppR7rOwDg,Malu Presotto,14,14,4,16800,3157597,1084,4909,0,0,0,0
UCgKZgUWujq2wkGgh8Q7mKiw,Gemeos Renato,26,0,0,1860,435984,438,9013,390,172,0,0
UCh1-Vv_fizBKtP3C5MbxKhg,Yssa,4,0,4,12700,1847956,110,3746,88,17,0,0
UCh1ZWtIBuyXqv2Q6HPXWrbw,Essa conta foi hackeada,30,18,30,58400,33619780,762,622401,22015,3591,0,0
UChc8s4TuQCaedQY-4YOILHg,Professor Albert,16,0,0,46000,2241979,88,3584,129,10,0,0
UChj9eOuBivMvuFp55uyCnnQ,AGULHÓ,29,0,28,671000,268115861,844,3111842,134802,824,0,0
UChly4JLxUacQ-LgT8yR2DgA,BREN0RJ,29,0,0,1090000,298519243,3652,53521,14995,87,0,0
UChsXToK8E4U8lqXaabPwlBw,Embarcados TV,19,0,0,13400,745213,1180,7128,536,17,0,0
UCi0tGkANOWosMzl5Ptw4fbw,Hobbies de Negócios,30,0,2,25900,19236632,5887,80195,1108,67,0,0
UCiPNrGHElx2892NnZUkVRTw,Luiz Oliveira Oficial,30,0,0,82700,18626148,2821,12390,114,10,0,0
UCiU14ibppIDwICbrxu8_yhw,Pedrozim,30,0,0,303000,72030752,397,739052,35161,851,0,0
UCiUPv5cFKeZuiJgkntsoOLQ,Brahma Kumaris Brasil,17,0,0,26000,2359572,718,13951,1676,57,0,0
UCi_i6xus0CM38FAsaHUc4UA,Thati_inventa,30,0,27,688000,243715717,864,2959977,114014,1730,0,0
UCiciruB9iiUmKT8C6qk8T4w,Mercado Bitcoin,30,0,0,242000,8188264,1264,16891,639,59,0,0
UCiocc4WoX8xE-7CalzqS2Xw,F L U S C O M A N I A,30,0,30,4340000,6607801768,7069,1472685,6025,49,0,0
UCiw38lB2UPGzaVIJ5JrtOpA,Adriene Amorim Cake e Arte,14,0,1,663000,49090370,1267,47310,2117,86,0,0
UCiyWDq84iDLtrP5n-uEEG0Q,PROPesq UFMT,4,0,0,1590,36105,118,235,12,0,0,0
UCj6pnDyfSmcvqCX0MRWqyAA,123 Beleza,30,0,5,30700,6214215,332,3618,71,25,0,0
UCjD1Cy1vNXKyijXAGOk3mSg,Nádia Queiróz- Dicas e Receitas,11,0,11,98100,17911157,524,25042,1175,30,0,0
UCjHX3zv5Nemj39Z-I1q5p6w,Thiago Soler BMW MOTORRAD,30,0,11,36600,9623923,1589,61989,3215,119,0,0
UCjTyv-U4asMYJFbZZZdYxlQ,SUZANE.TV,30,0,3,58000,13844395,1503,65848,1006,57,0,0
UCjc35jjWhVDtw3SirKN_WhA,Rod Postal,13,0,13,43400,12261813,621,137534,20418,277,0,0
UCjiBnPApOcmrnbqA78YTbXg,Cursos Online Reconhecidos,12,0,0,1990,113220,238,1440,17,6,0,0
UCjt2bBBGB1I3iV_a-5hIDOQ,Dicas da Gabi Torres,3,0,0,1350,127307,76,404,13,9,0,0
UCkLiu5qOop8D_uvoWqVX8iA,Trader Araujo,3,0,0,17600,3111008,2551,2930,41,26,0,0
UCkO86M1zc7iQqYiCrImhhKA,BMX EVOLUTION,6,0,0,13800,2498256,155,6936,341,32,0,0
UCkObfi1igqKtcgDf8lQXD1A,Caso Bizarro,29,0,1,18100,2579396,444,292200,25109,1160,0,0
UClNVIuJ4h24-PKVwMotiYvw,Ana Bauer Bolos,28,0,0,74200,11651169,544,89300,7091,530,0,0
UClOJqmf8DJe7HKChm9jfd1g,Acessa Tech,30,0,0,44900,13089211,797,9286,108,19,0,0
UClkz7bFZTcdf0g6KcQYhAAQ,Pense Cripto,11,2,0,20000,458190,124,2193,84,25,0,0
UClokMOul7uEqHW4cWjxrHLQ,Dr. Gearhead,30,0,27,24600,3537325,1607,25256,1184,48,0,0
UCmAJBL6U5cd3yn2ojMSxJzg,Contador do Trader,30,0,12,19300,1146126,981,31174,1133,53,0,0
UCmJt2nJxA_dFnbBLh4iWvqA,Black Madonna,1,0,0,2240,323233,542,277,33,5,0,0
UCmKOWuSKjSgsVWH7cX3nNcw,Weliton F8,30,0,4,182000,67418501,1715,300650,11054,1005,0,0
UCn-vWEDaJ2XM2xNIt7yHqKA,Bora pra Cozinha,30,0,30,487000,169822648,1089,3602471,138650,5892,0,0
UCnE2vJd4J7Ntbp5b-54VROw,Conversão Sem Limites,26,0,0,28000,1501315,636,15591,852,115,0,0
UCnQsq60Kcxm61cQ3Jgs7Egg,Ludo Ao Cubo,24,0,17,5680,709060,239,45874,3268,372,0,0
UCnssfwqbiIAt3RqodY2NjRw,Walter Wollena,3,0,0,64200,32662273,558,17867,838,52,0,0
UCoLOG0EFBFwIhW_Xf8hF-zQ,Mateus Batista | Estrategista Digital,30,0,30,1270,269761,109,69979,1937,12,0,0
UCoZAAHE79o4xv9PjRs0LUJQ,SMART CRYPTO,29,2,2,13200,1745337,2016,34899,2557,108,0,0
UCoeH6TN4vxPj_ZqLSGECQTw,Camila Santos,23,0,0,174000,7672917,1461,2148,139,5,0,0
UColoMbv1OUVS0b8P1Tk4xXg,Money Master | Márcio Sena,30,0,14,3080,199445,420,8040,363,49,0,0
UCoroCT395OQSzpzY-h8Khhg,Vibe de empresário,11,0,0,4620,340983,115,460,9,1,0,0
UCp15IgkQ7C8EoyyNSK5jpHg,FERNANDA YAMAO,15,0,0,440000,17193638,1228,80018,7187,281,0,0
UCpMF1v2HB2aCRalXZEcMEmw,Rodrigo Sansão,30,0,0,14200,7669721,590,374945,10713,496,0,0
UCpQr1t_egVW4VpcLNazaCZQ,bolos.da.geisa.,30,0,17,79100,7049585,599,89462,3350,290,0,0
UCpY-MyNXZx0sYhTH9qunY5A,Lozão,30,0,18,1830000,508187104,1021,2494741,70751,1566,0,0
UCpeeBW35P8Ip9DZn2hI0_Rg,Jorão Matias,30,0,28,14300,698530,157,41698,1770,159,0,0
UCpj3ek-f1rqRQWOF8ZvEgiA,Thomas Giulliano,30,30,18,35700,802510,377,31261,0,127,0,0
UCpnP1eEYegqTjGG3LDQ02kA,Marcos Brito,16,0,7,33400,7503544,182,62324,4158,110,0,0
UCq4AJ9QOToJmfRms5fEVRlA,Helen Mareth - Crochet Bags,30,0,7,39500,2916549,179,1978051,71513,970,0,0
UCqEd4HqB1QcOEvZ4QGJZb9Q,Mylly Biologando,8,0,0,65100,7282285,168,149913,9719,272,0,0
UCqGvdOwzcIZlw4HzBwqGgSg,Ai Love Travel,16,0,1,9790,4259691,494,16140,248,7,0,0
UCqLpSeS-N7XDLkyta9QjHbw,Planeta de Livros Brasil,30,0,1,87000,5726667,444,91453,3057,16,0,0
UCqgCoVYU9cB_XgS7qgDgllA,Biologia com Patrick Gomes,30,0,0,203000,18046089,1952,1921,49,6,0,0
UCr7rxtMWUrc98-VlKnGgdXA,Boards & Burgers,30,0,0,33700,3021742,1131,55294,3634,249,0,0
UCrHh-iMCG9bxwsN8CRARV3Q,LOUCOS POR BIOGRAFIAS,11,0,0,25900,1083355,484,4041,217,51,0,0
UCrsSseCRum0j9dyhZXuNDbw,Multi DO Portuguese,30,0,0,727000,199839215,1727,727013,3103,78,0,0
UCs1JevIKnU4E4ULMZr-0Qog,Hugo Milgrau,20,0,13,4050000,235265225,830,1103492,63332,1289,0,0
UCs3gOrytEjgQ06VvI625ZKg,In Bel's Kitchen - My Recipes,21,0,0,16000,2110419,644,22899,281,16,0,0
UCsY6t2vjM3RZurkpsRb9yAA,Receitas da Duda,4,0,0,48000,3970578,297,5525,134,33,0,0
UCsrDVvLCmeHYz9_U2oEsrZg,Maffel Reacts,30,30,0,130000,202039205,11787,259672,0,656,0,0
UCtGndXAp0ua1OSqfleDht2w,Bleach Brasil,12,0,0,417000,63887542,764,489359,40112,3284,0,0
UCtM2RyzFpd6S_YPalTzYnog,Canal izac junho,30,0,2,88300,77741222,682,2794218,14614,558,0,0
UCuNOa9CFBedI8jiisTO1Ydw,Gastronomia Paraense,6,0,4,1330,37925,130,6270,88,2,0,0
UCuRizk3j9bPKdOQPUXK8PNA,Adeline Pefer,2,0,0,44700,5459636,1048,2901,121,9,0,0
UCuVSxy78iuAGfHcGOllKaqw,BISCUIT DE CORAÇÃO Marilene Tatsch,13,0,1,87100,5770656,283,57364,4094,549,0,0
UCumuzksUOu_RfKjY2vUTb3w,TheVigia,30,0,23,2260,1240316,393,23975,631,9,0,0
UCusoU08BpDI61vJSn9ChfIA,Gilson das Codornas,29,0,3,12600,1407628,989,22088,1248,177,0,0
UCv3m6KsC1Uj0xAVXbVJTFag,Asccom Goiás,4,0,4,3710,827174,317,87,6,0,0,0
UCvIcumrBPwnelVLJ6_v1WXw,MOTOKA LIVE,1,0,1,8240,4628206,980,1087,22,1,0,0
UCvQJ11QeH1A8CWyeEdYEzZw,Top Motor BR,30,0,14,188000,44717989,1431,188720,5337,203,0,0
UCvjqW8oqZPvS1Th-nglKzXQ,Isa Doce Festa,1,0,0,13500,786775,165,188,12,2,0,0
UCvk1SqScV_KoK5iB7glEMnw,DJ'Rocha Mix,2,0,0,9660,1202394,28,280,14,1,0,0
UCvpkPAWtyc-qWc9gqeuWD9w,Ari Falcão,30,0,30,417000,195356590,1985,441225,14777,346,0,0
UCvqrQ-_Gny0HQ7DxY9iDUAA,Camila Araújo,30,0,4,9340,2167715,175,197815,4992,89,0,0
UCvyerMGx0FjQaagAORPuX-g,Igreja Todo Dia,16,0,16,3500,522504,434,16518,909,8,0,0
UCw4NrzODRN-5Ljle5SBWFag,Fernando Fenwick - Marketing digital,24,0,13,1880,82600,170,5766,232,33,0,0
UCw7fvpsIFTvi-PwYyD7HJEA,FRANCISCO RBN,30,0,18,24100,7563457,4286,15289,133,3,0,0
UCwCi3mcTZOtDOMK3kFFEzWw,WicaPlay,30,0,15,531000,90060802,2174,78004,1207,166,0,0
UCwOD5qE4hA95aaJnOn-cSIA,Wellington Coloni,30,1,0,137000,44611210,840,77294,5344,346,0,0
UCwaY1tdekONG50d0U0KuoBg,Helena Luttembarck,30,0,26,777000,410231220,1972,3080916,83717,4032,0,0
UCwg6tGvad5nFg-i4aAWDNRw,Black_White,30,30,0,21100,22949463,788,444749,0,313,0,0
UCwir07urgpuQKzmteFrDC4w,Drinhola Gamer,30,0,0,8590,759793,1390,10530,2047,286,0,0
UCwiuCGVt6rNdt8F51WVYKEw,Confederação Brasileira de Desportos dos Surdos,14,0,12,13600,1093527,400,35215,307,3,0,0
UCwm99r050rK1YXOgocfUtpA,Certisign,12,0,0,26900,17322719,273,1120,17,0,0,0
UCwstifrw3uSBJTDU_rq-k0A,KL PRODUTORA,30,0,14,2320000,473734344,1110,43075,380,21,0,0
UCwz5m62b3yXCOP4OgCcQJvg,mahaudio,3,0,0,1720,128796,142,12386,413,95,0,0
UCx7GL2V_zVY23YTThzQl_EQ,Loja Outside,13,0,11,20900,5391482,682,6319,82,1,0,0
UCxRql7KwEurNrmFCGaXX8RQ,Carol Bresolin,11,0,11,3370000,374492992,829,2236502,67146,206,0,0
UCxUnv3mTj8HbzKSqLPGH6YQ,Nerdices e BoardGames,24,0,3,4120,488179,355,40448,2632,442,0,0
UCxXr9hluPmMgj8QSCBUlQxw,JTechFone,30,0,0,111000,23278535,14546,4550,56,1,0,0
UCxerOFXJ-ilwSRNZVSk1hVg,Jhonatan Berger,29,0,0,31300,971340,2165,1845,90,8,0,0
UCxvo13SIXA2j8eTqo9Ln8tA,Veganices da Jacke,17,0,10,20200,4809749,468,42120,1647,131,0,0
UCy7R4ub3HY9C_08_GaAFCiQ,Felipe Souza,30,0,30,7670,4116307,125,292493,5115,185,0,0
UCyEUGMTWLFbuTHVNZrNR24g,BRAFF Eventos,30,30,0,22200,2073262,4109,2477,0,2,0,0
UCyIRW9hBiSLKmn6gOj91WSA,Vivendo De Salgados,30,0,2,61500,4879638,756,45647,3390,392,0,0
UCyLG80I7u--NW4MJi2fkfGw,Tecer Divino,14,0,10,108000,6407458,212,66228,3363,185,0,0
UCySX0nqIiK8BneOPmouyz7Q,Violão De Ouro Oficial,8,0,8,71400,21517546,807,10380,263,12,0,0
UCyabfm3a9u7N3Itm4NZ_wnA,GGPEL Livraria e Papelaria,11,0,8,13000,8206967,193,19142,294,8,0,0
UCygpBTqUQif-J0gs45aJOkQ,O Boleiro,30,0,0,1020000,282371962,1304,1047174,32493,172,0,0
UCyr-_OX0nmcD-epbZuMUtKw,Review do Músico,6,0,0,3140,711694,82,1813,73,20,0,0
UCz1RNB1NmXfBOxDFPVuU64Q,Camila Ayana Oficial,30,0,0,91900,9341970,374,174466,10952,1665,0,0
UCzFt8Ja1-Qyo5fzgySBH8fA,Mundial Motos,30,0,0,28600,21728302,473,75404,2035,98,0,0
UCzlhdIu_T5Hy2V5_L6rIniA,Jucyber,3,0,0,46100,5525744,853,1424,93,6,0,0
