qy-migration-v1	legacy-results-canary-1787722516493-b0c4f370	32709	UCL1uEYnyMPYLU34IVtnIdvw	301	run:29119f00-4746-45de-a5d2-d5c0d03d38f5	1244	3d7b2602d9aa7d42834997f7495f6834d1a91c92e1501c1d0ce91572e552f83e
qy-migration-v1	legacy-results-canary-1787722516493-b0c4f370	32710	UCTJbEFnd3nG6YztnrtDMCLA	302	run:a5e282ed-59c4-400d-af02-92bd63061c82	1243	a35c4dddced2e0111f4e459086a6dd864b2ebcd0e4afaee493903896e3c4a654
qy-migration-v1	legacy-results-canary-1787722516493-b0c4f370	32711	UC3SsV_4GMU0yKmiKWx5jcug	303	run:6a06cf4d-d83c-4b71-8c94-7530a0ca20e4	1581	a1c163ec6a9ebce1e640fa6ec018b1208d2d625b1d61acb3b5e018b79a11a89e
qy-migration-v1	legacy-results-canary-1787722516493-b0c4f370	32712	UCQQbzlF4mBLDi2AQu0ZHX2g	304	run:7002f355-c5d5-44ba-b9fc-eb3d59b2f952	1242	2008a77aa2beb77cf074b314f4e45a66e02240820f6f5444898bf2211311bd47
qy-migration-v1	legacy-results-canary-1787722516493-b0c4f370	32713	UC0bQjEYP49xz2oJIAw83sfw	305	run:c9585a10-de4c-4192-aad5-daf5b37ec0ca	1258	2eeeef80daefafdcce389ab72da89f6fa83146a3758c23f65ae074fdd0181807
qy-migration-v1	legacy-results-canary-1787722516493-b0c4f370	32714	UCAQMzcX2_kkYwR5WzZVAj0Q	306	run:fbdbdd95-cbe8-45b3-ae56-eed59f244f50	1246	886e0b5a923d7690bac1d45ee150bae80a3b8e1c382540de366433fe1ffd91a8
qy-migration-v1	legacy-results-canary-1787722516493-b0c4f370	32715	UCKu-GJzyKuibgqjKh55Nb4Q	307	run:1b49e3cd-ee5e-48dc-9765-0bc465da63b4	1252	eb82906c62d198f821710a567cf114e5540e71ac5c65f57d33201de04362d3f9
qy-migration-v1	legacy-results-canary-1787722516493-b0c4f370	32716	UCXqVGFS71dvUC2vaOT_wdIg	308	run:cf1f6070-0583-4396-897c-e2cac369bd18	1279	a5b1c9fbde1a916e11b4c610815508f64ec18cb11f0893e355007153b0bf9434
qy-migration-v1	legacy-results-canary-1787722516493-b0c4f370	32717	UCFclTVe5n30pktxVoRMr0AA	309	run:d3a142a7-55b1-47ab-b7ac-abcc6063e49a	1257	26ea9b30febdf8a441b76d8c8a69bb898ed49ebd4e70baf386f9fb4fa1090081
qy-migration-v1	legacy-results-canary-1787722516493-b0c4f370	32718	UCcEhT149JWiISYfI7cwhKEg	310	run:c9ed7028-d153-4fe9-bd7b-49050dd84f18	1256	e9938a8dbced7efa7e942e361062378d832fee0a3f9b2ed5f5423415d18ad905
qy-migration-v1	legacy-results-canary-1787722516493-b0c4f370	32719	UCy0JQV2UJUTKhugM1cvtTBg	311	run:c14335f9-fdb4-4c50-811d-3d4ad8849bcd	1254	b1cc7c6ee7ea3bf9c2311461b4c42b310559a78af2239ce366ac34a0392a6632
qy-migration-v1	legacy-results-canary-1787722516493-b0c4f370	32720	UCLfPV97MDFj0x0P3Wdt2L4Q	312	run:a94fa320-9ea3-45a8-a7a0-e82b45512205	1270	df074d55dd4db4407795d58cd884de4920e7107a93bd1e9b332a3da854b5b70c
qy-migration-v1	legacy-results-canary-1787722516493-b0c4f370	32721	UCC8q8h3zVWHgip2wCdMfujA	313	run:6f6c68c3-6f1b-4ec2-96dc-e2a3ac83dc75	1272	db702dbb764c010343d6161d1773cf6d299a4fd9e341a08397902166b90f707a
qy-migration-v1	legacy-results-canary-1787722516493-b0c4f370	32722	UCftXagSBC4K_prhWAhtN4pQ	314	run:b53325ff-37f9-4bef-90eb-ef73740d125f	1277	76a4cd8833f0f505b582a7861c447812fb9241b234a130f800a7e8bf710113f9
qy-migration-v1	legacy-results-canary-1787722516493-b0c4f370	32723	UCMa3vUL4mDZ1zrtoB0RqY9Q	315	run:fcd66383-c1eb-47a5-a03a-49a4b67efa26	1284	3e8a084758e4be55eb1140d7390ddd6f6fd43330fe357b3aef4115bf9af2a4ba
qy-migration-v1	legacy-results-canary-1787722516493-b0c4f370	32724	UCxBYnV6riYFplosmLIj6JCA	316	run:b79fa7b6-70bd-4ce4-8a15-a76c259f2605	1290	3f7647e955b5a275a71161a1e6f6c2d127138d0b91c3bbe891a3dabf24f20a51
qy-migration-v1	legacy-results-canary-1787722516493-b0c4f370	32725	UCsa5587_AKsWNK4Z9EFpU-g	317	run:0d014de6-e87a-4099-8ef5-5c6899073f6e	1292	ce80089c6c5994f22f0bffda1443347b5a578ef5fcd26000a15bf0520b53f0e2
qy-migration-v1	legacy-results-canary-1787722516493-b0c4f370	32726	UCuCN9unMRuk1FFzvETSfAqg	318	run:bc5afe83-9d67-45a6-9683-d225f32a4c93	1293	dc6317f711de75c188b7ed6b5a9a87f7d0c76ac9f1609dc149eb6fb12433b455
qy-migration-v1	legacy-results-canary-1787722516493-b0c4f370	32727	UCYlYCP5M0JhTjxBAzCELlIA	319	run:4ccc8326-6fdc-45a7-bc32-51f06be4ae03	1296	896377886e6e390711b6afd14514c8d37db3101c701f1415e4b9f40a993c4db5
qy-migration-v1	legacy-results-canary-1787722516493-b0c4f370	32728	UCNxlFnkJi_79d1tZA-n_W0A	320	run:9dc04917-3394-4370-b784-de483d9c1b77	1300	2918cc26ae87adc4edd87aea64cecea2a133cf2661579a6bd7c3aa5050558767
qy-migration-v1	legacy-results-canary-1787722516493-b0c4f370	32729	UCu1ulVm5es9a7jU5hk4NBZg	321	run:ba769762-9515-40f3-a121-00308bdfdb9d	1304	021a9d6e4eee30c1425c7ed8c03e0c39cc09c2592f3a3c3cf4e4bf797a4185b2
qy-migration-v1	legacy-results-canary-1787722516493-b0c4f370	32730	UCv_LT8X0NLkAFIVd4x9VveA	322	run:be4b4b6c-1951-4024-b8dc-29d8a27d6c50	1310	dbc343ddd230cb300c7448c39aaa67299aa7c9d3a606766a27709310c06e1551
qy-migration-v1	legacy-results-canary-1787722516493-b0c4f370	32731	UCwCUMDkHkSiEPd9rzyGNfHg	323	run:6cfc3105-630f-4491-a710-ffc56ce89cdd	1311	610c4692266ddd1dbf488094571f6998c89a5cd4d6bc92718d36dde9a6adb06f
qy-migration-v1	legacy-results-canary-1787722516493-b0c4f370	32732	UCvoC4O-itLvvYLrzGNd5o6A	324	run:92f2a0a8-5541-460a-8e5a-142d455f2b1f	1314	109babaa12bebc400304de623162e3c87239012fa5de9aff3a00edd5bbe45ca9
qy-migration-v1	legacy-results-canary-1787722516493-b0c4f370	32733	UC5lVeAlVDI2cZEbe66pxn9g	325	run:16492d24-e70c-4db8-bf6c-7e7104b9dc57	1317	f590524e079e562731894490464faf4a636a6d18024ea10e8475900427f9e2d4
qy-migration-v1	legacy-results-canary-1787722516493-b0c4f370	32734	UCc1ZQMlWwdL9iPEPwmtNTwQ	326	run:671551f4-374a-4050-8b14-7a4607f976af	1323	f6b0da35313a119a84962d2378336e25f055d7c5b7bfb365dc0eec464c3592f4
qy-migration-v1	legacy-results-canary-1787722516493-b0c4f370	32735	UCbSEZKnselOpiAMpPc1jiOQ	327	run:11c38371-6d40-4df8-936f-0d0528ccebee	1324	81a7e225638b2be90038b985e6ce150c396b1a7c1be323190c6e2cb70cd3f1c8
qy-migration-v1	legacy-results-canary-1787722516493-b0c4f370	32736	UCSlamA88m49oC0GCUaUHBzQ	328	run:eb5579c7-7cc0-43b4-8029-666f5ace6dda	1337	87dc7605096be6cbea9a8e46dba13d310d11cca0fce335016e2e2ae34f1d3499
qy-migration-v1	legacy-results-canary-1787722516493-b0c4f370	32737	UC3wQsMqjYmqS5_lcoE1K_5w	329	run:46470e68-a517-4e86-adc4-a86f7222c131	1338	6aacf5d29f6ab7e7e9566a15be822a55763fc318bbdf4faf659e1048644f3077
qy-migration-v1	legacy-results-canary-1787722516493-b0c4f370	32738	UCghsc7y0BJYDi-mGU2pXXVg	330	run:82939d26-0c90-402d-a1e0-9e496a4255ef	1348	eec6657c9ab7ea855a526ac9bb644ff6e9ddf1778b065e8ae45991d129c4ac62
qy-migration-v1	legacy-results-canary-1787722516493-b0c4f370	32739	UCSB95Wo5_7aLFAIWBjnj4NA	331	run:f4422514-4a3a-4e87-8bb9-c2aec2ae30c2	1351	e795053e49dd6a4e9ead90cf8a0d3b91d58629f281ec1a788a8e9885d0b5ed59
qy-migration-v1	legacy-results-canary-1787722516493-b0c4f370	32740	UCHdLKAyfDT53Pj0A0FpqZyA	332	run:093facc4-7304-4ed1-9ec0-e6ebda4ee928	1350	b4edab18ba2876444858694c68173e3d562930e8013da9dbc25433daac6c613c
qy-migration-v1	legacy-results-canary-1787722516493-b0c4f370	32741	UC_jQyzKArCw9Hr8fxnjz8ew	333	run:8301cfda-bb15-4678-bca7-5ee88f02dd0d	1352	de3e97ca8622f30880fef85b32501f12d92760683a820744ec5f20487aa8a23e
qy-migration-v1	legacy-results-canary-1787722516493-b0c4f370	32742	UClpkHFE0rwJOsA_Rzk7OK8A	334	run:af1b3d5d-de10-4a4b-9f8c-580f6407584c	1359	65f4df20a646839d6c03c9c516222bac13f122c93e8e4225cca1d79ee07cc6a0
qy-migration-v1	legacy-results-canary-1787722516493-b0c4f370	32743	UCqxkAEf57NniC6IHV8I7LAQ	335	run:11aca768-b78d-431b-82a2-d8790842368b	1358	27aadcc740ec8a07b68f74577dc320a34bd8df992c7219fb90b0bee108730ba8
qy-migration-v1	legacy-results-canary-1787722516493-b0c4f370	32744	UCgBPwHTAOWHE_hFO0Sp8T3Q	336	run:0917696c-8671-40f0-a790-ccb77f7a7a7f	1363	be2a1d98e3abaeefa419851b9bc1100e6f92ce2779e3a8fd47d2727a21f2ff13
qy-migration-v1	legacy-results-canary-1787722516493-b0c4f370	32745	UCbdI6cTjv87roxNfusjoFuQ	337	run:2ef93f3f-0308-46a8-943f-d0c200eefe33	1365	ff3d9d5b5d2f69dce25597f5875fa849c3c612ce00ed3bb4f9ce8e4639737f4d
qy-migration-v1	legacy-results-canary-1787722516493-b0c4f370	32746	UC6wsPyAwtt9wSwyN9J7G-aw	338	run:1e2ac8e2-6bf1-4180-8228-ddd2490e01de	1371	98f53ba88aca3f8bb642ca66a68c4b1cf55f841118fb4519483d0b582e6b839d
qy-migration-v1	legacy-results-canary-1787722516493-b0c4f370	32747	UCxTyKvvxrcJUcN1kCdqa6vQ	339	run:e4a6fd91-686d-4c39-b580-b5952b0541fd	1375	8ec74e32d06ad1e368960d0980e92b0e7e73d8a49a950d28f6066ab3780b4d8f
qy-migration-v1	legacy-results-canary-1787722516493-b0c4f370	32748	UC9FIZWoiIkMexx2EgO_SNRw	340	run:a1fe9990-3a96-4ffb-91af-2f59e3e34cd2	1380	a4b9e316b08f6a4ad121b777c1104b91b3e8fffc54a9227d9c67cfce340ac362
qy-migration-v1	legacy-results-canary-1787722516493-b0c4f370	32749	UCWtkySCzik7aEYphc2ycJMg	341	run:34e1559e-6efa-4aae-b04d-878567ce8f58	1382	382b6e3fa01d426dbb77e80d5ee8a44c950cb09abd90cdb37021633abf174fbf
qy-migration-v1	legacy-results-canary-1787722516493-b0c4f370	32750	UCQk6oQ0i85rxUsGZWV8019g	342	run:a90322fd-a98d-4930-851b-5313dce426e0	1385	68a207f65c59d8a43254a329fe25c602b06cb4cba92b1205c75d39fd57612a09
qy-migration-v1	legacy-results-canary-1787722516493-b0c4f370	32751	UCKrOBgmigzgEqImAYg1OCvg	343	run:07cfe5c1-26ca-415f-a6b8-8088b2c4187d	1388	36d693be7522c42c69b215cc00de5770fa7eb37fe5f2e351ab58f8d7663b72c2
qy-migration-v1	legacy-results-canary-1787722516493-b0c4f370	32752	UCgeBlu7cpnc6vW5VmOjiNMQ	344	run:085ef086-9457-476d-8961-6aee445defda	1395	e57148e07d6dc860ebcfb38157082e44032b6febc2674fcbb1fc5afa4f4d377c
qy-migration-v1	legacy-results-canary-1787722516493-b0c4f370	32753	UCSZqkeQb78fE9nN98L8dq6g	345	run:c00a3c2e-55c3-4db4-9c5b-b14539b1bf04	1397	0dbba1df40ca0f7e702e4fbc02572c6ffcf36b885a890f5ca20fbfdc222e7d3f
qy-migration-v1	legacy-results-canary-1787722516493-b0c4f370	32754	UCl9z3XC6tfs50U1ppuTm_cA	346	run:8c58e6ea-b52e-4795-9935-b2ce67e9f3e0	1399	568d09744935862d66309c078b85d38a7bcb554365869f8548d1bf18731c6593
qy-migration-v1	legacy-results-canary-1787722516493-b0c4f370	32755	UC4exbIh1nMjnA1VgajEDIRA	347	run:aaf9cdad-a6d7-430e-95b6-243a580f6fa4	1400	206be284d2254e42afb4f659ce8682ba040651cceca1c9ee6c2f2ab16dd08ee2
qy-migration-v1	legacy-results-canary-1787722516493-b0c4f370	32756	UC3085NTJcFdI5D3M0Un9RmA	348	run:cd7ca02d-2960-4085-ad7f-2c081da04d64	1405	6520b5fdfb235dcd9393c6a69a79c46edabdf56a888a0c544bc7bad58d169364
qy-migration-v1	legacy-results-canary-1787722516493-b0c4f370	32757	UC8WF3BuY5FbZnH89ICIboKg	349	run:a1ccc5f4-86d2-40be-a7ec-49307a481ec5	1411	59c33452e466c84964fef96b2c7103b21855276aa1518cec0bfcf4edb3312de5
qy-migration-v1	legacy-results-canary-1787722516493-b0c4f370	32758	UCG7CQOpoAY3tF0GjNrSUi8Q	350	run:87227d1e-608f-40b6-aa56-7c8b1465bacc	1410	d4e25d77cb7808fac4451bfdc139a1f9cbd748fbcb37c04740ed1d2b90d0d03a
qy-migration-v1	legacy-results-canary-1787722516493-b0c4f370	32759	UCiv-M5CXIIe4AOSoZdngSTQ	351	run:c847f358-c18c-4fc7-bc92-bad2fa080d49	1415	7310e313fd894a01e3c001d76de47c2c2248e7be37d1664902f96bb6bff0a158
qy-migration-v1	legacy-results-canary-1787722516493-b0c4f370	32760	UCRxJP6a-ZisisT-Xknobgng	352	run:e05bbb43-110a-459b-a930-704b495f76ac	1419	b684cbc715cb0db398b760664acce252a169713e3db03996d9f0e87925fff173
qy-migration-v1	legacy-results-canary-1787722516493-b0c4f370	32761	UC2QCzVQh043NKo4Pr9t9ahw	353	run:7d858a72-1ed9-47eb-a4e9-6d9e11bc475d	1423	745124a9f631789d0e77b3f53ef97c88d81e292d4fdb1813eebc348e690d2665
qy-migration-v1	legacy-results-canary-1787722516493-b0c4f370	32762	UCwx28XGRrLErn9NQvCzD1EQ	354	run:3efdceeb-1c2e-45fd-8544-c99cfea98b64	1427	34aac1ef695a2f88127dfd1d8c070c9e80684c8df3ad36dbd7415bd7cb963175
qy-migration-v1	legacy-results-canary-1787722516493-b0c4f370	32763	UC93bdRFbWGH_dv6LgDkNFwA	355	run:3cab7eba-cd70-41c5-ad5c-3b3b6a3e8094	1431	d7488754ff94821613129a78d630fd2d546ec23ebd3d228a24a4964d7fce25cf
qy-migration-v1	legacy-results-canary-1787722516493-b0c4f370	32764	UC3n43f0sMgWmGdipPQuw5VQ	356	run:d4ee18bf-d695-4022-854c-afbd78ed9eaf	1433	3f1d52bf24e9ff7e4854f1b70be4f4e718e19beb6e894499ac55c447846b615a
qy-migration-v1	legacy-results-canary-1787722516493-b0c4f370	32765	UCRGX7jdTwB8jyfs5nahNiMQ	357	run:fd27014a-dac6-4527-9cfe-29933bcf589f	1233	9628f4e7329a23657427127866db5bb843163f2885b011b5d0841d89b92d13d7
qy-migration-v1	legacy-results-canary-1787722516493-b0c4f370	32766	UCxSyX_9fn1_-UryZB9dVoTg	358	run:a97c6187-e03c-4df0-87a1-8586af0f2fce	1579	964702a54876022cd6bc656496b9040b18cb1c66a5474e64bfd6e5360ab969eb
qy-migration-v1	legacy-results-canary-1787722516493-b0c4f370	32767	UCwyIKFqbKF8Dvt4Id2MQ91w	359	run:28166a17-3b92-4587-b8b0-18d06ab315cc	1273	b00f3b6b691028dd40ecb5ba465cc5f3c4ef0c94975c3b3c1462835a5851f0eb
qy-migration-v1	legacy-results-canary-1787722516493-b0c4f370	32768	UCmRTpHDXWhSMOgGXZ-aZMYw	360	run:36f543b0-d317-422f-acf1-0ef4e1b9c251	1262	dabe35564b0755d9322ec67f6ff48a3d2340aac113e3830c5b5a70a8ebe81272
qy-migration-v1	legacy-results-canary-1787722516493-b0c4f370	32769	UCZE0qQB85XZ9SziR7Ra_AUg	361	run:d81bf1ab-045c-495c-8d85-b90036c6d8ac	1374	aa69f4dee1858aa8135406e79b377f5cc5055d1dc97b02cca263a6a5abc0a7fe
qy-migration-v1	legacy-results-canary-1787722516493-b0c4f370	32770	UCg6DSvbx1UA-CD21ojm87sA	362	run:21b5f8cd-e98e-4bc9-92ac-08ab814a5b74	1449	b0109a0fd858cd43f7cc412e5b4a79e86352e06497d67b15923b72b01cf69bfd
qy-migration-v1	legacy-results-canary-1787722516493-b0c4f370	32771	UCBxWMPcNtRDi-rXVokRrqfg	363	run:e82adae0-bc71-430f-9fd9-196f051a2de7	1461	911eff34fac81ad9098346cddd7322451b2cb1ca1e70aac5f6eb6ae84162dff5
qy-migration-v1	legacy-results-canary-1787722516493-b0c4f370	32772	UC4Ky5YloHYGNmaijhf2ZGCg	364	run:8bef5265-bfb1-4adc-8619-83e39f9e50de	1463	74d88908d7dc7a550ef05ebaac31b4a11f2d84a300fe00c0c1b22f7a3f005671
qy-migration-v1	legacy-results-canary-1787722516493-b0c4f370	32773	UCDcALmdLJaOZ-4-R1CvYLWw	365	run:6cec5b09-6b3b-4fec-98b4-dfd95960a6b1	1467	e4a846c9172921f5b267fcdc5fae35213a30383d546616676fabe77f98e2eb61
qy-migration-v1	legacy-results-canary-1787722516493-b0c4f370	32774	UCVSaCWjSiiX4KdiS_GXeyCw	366	run:d2b3df07-d9fc-4843-b658-38353c024d84	1469	67a5a0fd84edcffda7eaf37ffe59571c29424df2ee90a1c558f06f5634da8b1f
qy-migration-v1	legacy-results-canary-1787722516493-b0c4f370	32775	UCoGKJPfgMqeHbt7UPT7gjqg	367	run:6c8df4d5-67df-4a90-a9af-1872a2cf262e	1472	495bd8a976057559a19ed922fc541bad6406261eb1c581a889a0e1bcaef8f19b
qy-migration-v1	legacy-results-canary-1787722516493-b0c4f370	32776	UCoqI93npRf56np3UtFsmg_w	368	run:e679c135-99f0-44fd-a469-ea1cf3eb309e	1475	9e4e390cd07d006141758131ee891d97861e0d5ef3bb9d4f602db727aa458a2a
qy-migration-v1	legacy-results-canary-1787722516493-b0c4f370	32777	UCN-ZJYG97S-Iqr6sxNquw1A	369	run:3f0e172a-f00f-4d21-9d59-ec4de0d958b2	1478	598310289a3e60b0e4fcc9b44103a2cf8fe0f3e3c0041c57c6c775e91b147c12
qy-migration-v1	legacy-results-canary-1787722516493-b0c4f370	32778	UCL88S9vuyTjnGMEhiFB_y2w	370	run:3ba560fd-8586-4ae0-a440-9e24120e97c9	1483	0faed87d7ee5cb3c55c77ed8e8c9848aa5c717dda6de2e59163904a92a4c4d42
qy-migration-v1	legacy-results-canary-1787722516493-b0c4f370	32779	UC5ldqN72NJAPaZEZ2D2QsHg	371	run:d162cd88-fdd2-4b71-90c8-8aba01dce9bd	1485	44cc7582fe0fe7996fbccd990c4c6849b031d972b39dbce0ac4c861f4bb8874f
qy-migration-v1	legacy-results-canary-1787722516493-b0c4f370	32780	UCdvDOk6cNRhrjWzfAt8SP5A	372	run:438f7315-9283-4963-ba93-10ecb80c1857	1260	b559acfd02a9e5e2daab2c03df9727ccad26d2990342563c9adfabf5c4b8594c
qy-migration-v1	legacy-results-canary-1787722516493-b0c4f370	32781	UCPfgJ_q0PNH97bxQCTh_zXA	373	run:c6ce5d27-c323-476e-9526-7e2ae5070094	1574	30ad8319df495a19986f421a9709f98f696d4b44b349d98f8ab0bac889d1b4a8
qy-migration-v1	legacy-results-canary-1787722516493-b0c4f370	32782	UCBDJQPM7eeFq5HT3ybQci5A	374	run:b7ce33c2-d416-4be7-a8ad-3560ccef3d9d	1261	9c4d586357e6bdc490fbafece0d96d5be42bd5bd32a993c06399f757b89dea4f
qy-migration-v1	legacy-results-canary-1787722516493-b0c4f370	32783	UCe2TMrEjyRNs1fpH48hdFxA	375	run:4ac8dc64-bcad-41b1-ad27-085f11fb272f	1259	0222d89df1c6bdb9f3373cbd136d2f2799c5fd7ee896d56cc9ef3fc5fc2cb8bf
qy-migration-v1	legacy-results-canary-1787722516493-b0c4f370	32784	UCxUChd69wxEC2S1lXZvhfzg	376	run:785a8192-5e67-48ae-86fa-3cf0eb9cdca7	1490	bc986ca85fe6442e9436385c1499548cfb62234427c3bce484f73476e21c98de
qy-migration-v1	legacy-results-canary-1787722516493-b0c4f370	32785	UCdHWGqDaQ94omFDjpZwVhQA	377	run:d341c7a9-695b-4144-9454-98034fefe067	1492	ab8af351cba20df96828add05069bd303e38be1e487220a81dc2326127d28d0e
qy-migration-v1	legacy-results-canary-1787722516493-b0c4f370	32786	UCul6v54fsvlIW-6-Li_8n9A	378	run:78250421-3000-4cca-89de-90cdbdddec57	1495	1a071e38e19941e4ec75da3794c7fc80eba8b19a771868b7992acb8127670108
qy-migration-v1	legacy-results-canary-1787722516493-b0c4f370	32787	UCoNJf7XvA75_i1gDLlq8qZQ	379	run:197fa41b-486d-4390-a109-afb493622255	1498	73b77f8c9dec7414d88af2cda47e92f58d60fd5d03388f78a665ed190d7fff84
qy-migration-v1	legacy-results-canary-1787722516493-b0c4f370	32788	UCmp0xxvG4aIY8uz4YoZ8hDA	380	run:2c40de19-eb97-46e1-b88e-1ad6ee2e6069	1501	26f06e03c906078bf9d1d9b4520f46aa69df6c7a35cafc5a9ba1f91b98eedb0a
qy-migration-v1	legacy-results-canary-1787722516493-b0c4f370	32789	UCDIHFixMyJNKDtzAZcCE3xQ	381	run:02e3f553-3449-4f9a-8691-491ef1b81f23	1505	5fa94a1cba5071e973aaea3aa8fb4fd125bf60c73d47439f65ce82196899223f
qy-migration-v1	legacy-results-canary-1787722516493-b0c4f370	32790	UCIvvMSKsnp9Vlc-ZSBmB1dQ	382	run:cafddb9b-573c-485a-9a7f-d7b3e413e94f	1622	73d40804953055bbfc217b3bcdcff22df70aa47b8f0e8458dfeafa268291e239
qy-migration-v1	legacy-results-canary-1787722516493-b0c4f370	32791	UCBNEFXF9I9fNja_hGWNK3ew	383	run:a7a4af9d-6e2f-4a88-b016-fa673b89e5c8	1593	52a43d3c9a7e7167786eb47c6672092c9262cbe37b3c3392180385ab0e683124
qy-migration-v1	legacy-results-canary-1787722516493-b0c4f370	32792	UC1Mnr7KOZfz136t3QCrTT1Q	384	run:f5283183-0036-4ef1-a4e1-0e3a956ea16a	1508	1a0b43527c3d90a35af8c3489ee3971dbf21a59cbc6384bca606d00f2b9f808b
qy-migration-v1	legacy-results-canary-1787722516493-b0c4f370	32793	UCVHVco5ALDMiutKgPiVnJYw	385	run:f7594a61-8551-4a04-93a5-78f112df5154	1511	968e1d729ca87aae173593e7e0c7ea6595635b3488a797ebdd3520ed8036dab7
qy-migration-v1	legacy-results-canary-1787722516493-b0c4f370	32794	UCAZMx2SRaLHplz-FdvaS1Uw	386	run:234ebcac-b96a-4f71-886e-e7beb64fb5db	1253	13574f134bf6bd92f28c30978a554243cdd3ced1dc4ece6b57227f915021869f
qy-migration-v1	legacy-results-canary-1787722516493-b0c4f370	32795	UCKuph-gwfHANDLl6NLQs-pg	387	run:7fedb623-378c-4531-9507-aed691d61805	1514	c1290c2842215ca139ef045f2ba021e9756e6bb6ab713d597f76adf3605bf583
qy-migration-v1	legacy-results-canary-1787722516493-b0c4f370	32796	UCIZh93fiIWETlgEql0ybhXg	388	run:ea28fec9-d19d-4f6a-a532-f9cf5fb849cd	1520	cca6baa86f381e5a6e6762b91eb3e94408f1e823501efa8c205d2bb4b7bc7078
qy-migration-v1	legacy-results-canary-1787722516493-b0c4f370	32797	UCqHkfBtBYQajwHnUPWjfGDw	389	run:6730152c-078e-4348-a295-9be766ba99f8	1522	a194354afab35f1576521d466867d63496794e075d7d9ec2a3f112c46d6a788e
qy-migration-v1	legacy-results-canary-1787722516493-b0c4f370	32798	UC5ky6YlSA8zckZNHYTkigNQ	390	run:b46b6ce3-6bd5-4514-b74d-bc331902b255	1528	10e6ea57374422ad3dae78376c0012c3fedbff217335e4876a454b0586aeaa29
qy-migration-v1	legacy-results-canary-1787722516493-b0c4f370	32799	UCRWLFNW5WzuSR7qo6nqsHoA	391	run:a8016bc9-ef9e-4d36-9ed3-b7bb0e799439	1531	c54bf4633403e5f5c94c6163f85e0c3be81824d0b7277e2946ef95778584cfd1
qy-migration-v1	legacy-results-canary-1787722516493-b0c4f370	32800	UCPF5N_W6ZjSJVdTF52suVYQ	392	run:986a0192-ebac-481f-8ab8-0eb80c263185	1539	f62c8e7e6b4113647080c3dd56a07fd7f7f7ed7adf80547d7901f9303d8acc08
qy-migration-v1	legacy-results-canary-1787722516493-b0c4f370	32801	UC3_igdG_kvwrbF8ruSp2zlQ	393	run:54444c8d-d565-4bc3-9d1e-ab7aa999dabe	1555	db0d3f17d6fc0f84c7c516b646883c4c15e064138f2b7ee2ce76ddda44b3b3dd
qy-migration-v1	legacy-results-canary-1787722516493-b0c4f370	32802	UCy6MDca8qV0PBLGWNkCCbsQ	394	run:7a384835-752c-41a5-9f9f-1b5b3b30600c	1625	81a8642608a4eee67db126851af29d344cc2a6fbe4b99cbd8a7e8e6768f4cc95
qy-migration-v1	legacy-results-canary-1787722516493-b0c4f370	32803	UCwSCPKW_xBK71iqD0ftS5Ew	395	run:425053e4-11ce-4258-9801-7bcd5ea46674	1562	ed216f91fe3970eedc5146623c890865d303210a810c3822f2f5ebea7ae9dc76
qy-migration-v1	legacy-results-canary-1787722516493-b0c4f370	32804	UCSZEp-DUFf1l1Ukdc419cqw	396	run:31ad0ded-22ef-4ce0-9f41-0891368e0945	1564	4cfb330274889565b06f7ff3f1ffbc89475b3391a6f180a50a9e78d83f510297
qy-migration-v1	legacy-results-canary-1787722516493-b0c4f370	32805	UCuA2EaAvFuhx521EPqOVg3w	397	run:8507ea7b-9229-4a76-b948-7364d479e2d2	1327	993c30ab523b74bf1e8616167d049dd64a518a30bc246ee9b3a173b8c9ded13b
qy-migration-v1	legacy-results-canary-1787722516493-b0c4f370	32806	UC7DFSajAs_oGKCyX064XaFQ	398	run:8f9adb5a-2507-45c1-8c15-7fd290d3c7a9	1340	d2a9cc0f7309982d526728f40566536b00414a729c6591242f1e5b64e822c866
qy-migration-v1	legacy-results-canary-1787722516493-b0c4f370	32807	UCKE10USptmyA0U0YtiNdcsQ	399	run:2a1d2fc3-8bfa-481c-a42e-49d93180e277	1571	ed3ca49540481be7f459f772ea7e3f3fbca92d5ad4ae22a5b2f4dbcfc69fd6b6
qy-migration-v1	legacy-results-canary-1787722516493-b0c4f370	32808	UCRQxRSO8SSm6aQV19fjy7UQ	400	run:1714b527-094f-4a49-bc13-c32626fd1385	1572	f51997bff5876047c45a015fe326372c2ae14ac93853d3945d1a85f617ea402a
